acc,cls,pos,n_small,score
O00230,pep,15,1,0.4095
O00230,pep,17,3,0.5887
O00230,pep,19,1,0.3982
O00230,pep,20,1,0.3071
O00230,pep,38,0,0.20895
O00230,pep,39,0,0.19895
O00230,pep,51,0,0.27449999999999997
O00230,pep,60,1,0.20124999999999998
O00230,pep,62,1,0.14675
O00230,pep,70,2,0.13695000000000002
O00230,pep,74,1,0.1533
O00230,pep,80,0,0.10275000000000001
O00230,pep,86,0,0.11005000000000001
O43681,mem,6,3,0.25695
O43681,mem,12,1,0.16125
O43681,mem,18,0,0.36765
O43681,mem,58,2,0.99935
O43681,mem,76,2,0.9995
O43681,mem,82,0,0.998
O43681,mem,102,0,0.99925
O43681,mem,112,1,0.4054
O43681,mem,135,1,0.9796
O43681,mem,138,2,0.9289499999999999
O43681,mem,145,2,0.9975
O43681,mem,149,1,0.9794499999999999
O43681,mem,168,1,0.9993000000000001
O43681,mem,215,2,0.78955
O43681,mem,219,1,0.8459
O43681,mem,250,1,0.9981500000000001
O43681,mem,266,0,0.90855
O43681,mem,294,0,0.9479500000000001
O43681,mem,300,0,0.2551
O43681,mem,328,0,0.40145
O43681,mem,336,0,0.10125
O75348,mem,14,1,0.974
O75348,mem,18,1,0.9885999999999999
O75348,mem,19,1,0.8815999999999999
O75348,mem,25,0,0.9771
O75348,mem,36,1,0.9839500000000001
O75348,mem,40,1,0.98595
O75348,mem,42,0,0.47400000000000003
O75348,mem,57,2,0.17964999999999998
O75348,mem,60,2,0.2018
O75348,mem,61,3,0.25005
O75348,mem,62,1,0.62145
O75348,mem,101,0,0.15735
O75947,mem,7,1,0.6393500000000001
O75947,mem,15,0,0.5455
O75947,mem,17,0,0.438
O75947,mem,26,2,0.35725
O75947,mem,28,0,0.7603
O75947,mem,43,1,0.4051
O75947,mem,44,1,0.32394999999999996
O75947,mem,51,1,0.2661
O75947,mem,55,2,0.29395
O75947,mem,59,2,0.27675
O75947,mem,62,2,0.5942000000000001
O75947,mem,64,0,0.31405
O75947,mem,76,0,0.392
O75947,mem,88,1,0.25955
O75947,mem,92,1,0.25675
O75947,mem,102,1,0.2274
O75947,mem,110,1,0.1822
O75947,mem,139,0,0.37539999999999996
O75964,mem,14,1,0.30655
O75964,mem,18,1,0.6969
O75964,mem,19,1,0.97905
O75964,mem,28,0,0.49529999999999996
O75964,mem,34,0,0.98705
O75964,mem,44,0,0.49085
O75964,mem,49,1,0.9823500000000001
O75964,mem,60,2,0.90015
O75964,mem,73,1,0.98655
O75964,mem,80,1,0.9904
O95721,mem,20,1,0.11374999999999999
O95721,mem,23,2,0.1345
O95721,mem,28,0,0.11285
O95721,mem,37,1,0.14095
O95721,mem,39,0,0.12525
O95721,mem,53,1,0.7744
O95721,mem,55,2,0.21295000000000003
O95721,mem,57,2,0.47695
O95721,mem,58,2,0.1711
O95721,mem,65,1,0.20895
O95721,mem,76,0,0.27905
O95721,mem,82,2,0.18180000000000002
O95721,mem,149,1,0.64425
O95721,mem,158,1,0.1357
O95721,mem,162,1,0.2033
O95721,mem,180,1,0.11854999999999999
O95721,mem,183,2,0.1356
O95721,mem,188,1,0.15615
O95721,mem,197,0,0.1726
O95721,mem,220,0,0.98535
P01185,pep,8,1,0.5851999999999999
P01185,pep,15,3,0.79425
P01185,pep,19,1,0.9072
P01185,pep,32,2,0.39325
P01185,pep,60,2,0.25745
P01185,pep,70,0,0.16945
P01185,pep,72,1,0.79455
P01185,pep,91,4,0.13929999999999998
P01185,pep,99,3,0.8704000000000001
P01185,pep,100,1,0.5137499999999999
P01185,pep,124,1,0.12725
P01185,pep,126,1,0.14725
P01185,pep,132,0,0.17315
P01185,pep,139,0,0.26245
P01185,pep,141,1,0.15965000000000001
P01185,pep,150,0,0.4232
P01185,pep,152,0,0.1164
P01185,pep,159,1,0.09955
P01189,pep,11,2,0.38549999999999995
P01189,pep,15,1,0.60085
P01189,pep,20,0,0.36375
P01189,pep,49,0,0.2514
P01189,pep,56,0,0.2363
P01189,pep,100,2,0.1473
P01189,pep,109,0,0.13455
P01189,pep,128,2,0.11305
P01189,pep,164,1,0.3196
P01189,pep,169,0,0.25995
P01189,pep,171,1,0.23545
P01189,pep,195,2,0.10250000000000001
P01189,pep,199,2,0.11695
P01189,pep,201,1,0.1084
P01189,pep,203,2,0.14015
P01189,pep,212,1,0.1889
P01189,pep,213,0,0.1869
P01189,pep,257,0,0.8807499999999999
P01189,pep,262,1,0.48334999999999995
P01215,pep,8,0,0.7323999999999999
P01215,pep,9,0,0.67845
P01215,pep,25,0,0.13415
P01215,pep,47,1,0.1844
P01215,pep,60,0,0.9875499999999999
P01215,pep,86,0,0.99085
P01215,pep,105,1,0.20174999999999998
P01222,pep,18,0,0.28575
P01222,pep,37,0,0.16175
P01222,pep,48,0,0.536
P01222,pep,66,0,0.63795
P01222,pep,92,1,0.1302
P01222,pep,100,1,0.97465
P01222,pep,119,0,0.1282
P01225,pep,15,0,0.2074
P01225,pep,29,0,0.2892
P01225,pep,47,0,0.34009999999999996
P01225,pep,61,0,0.1552
P01225,pep,85,1,0.1423
P01225,pep,88,1,0.16665
P01225,pep,97,0,0.94735
P01275,pep,8,0,0.8886000000000001
P01275,pep,35,2,0.1263
P01275,pep,38,3,0.09025
P01275,pep,71,1,0.9707
P01275,pep,89,0,0.39755
P01275,pep,99,0,0.9405
P01275,pep,115,0,0.92235
P01275,pep,116,1,0.96885
P01275,pep,121,0,0.379
P01275,pep,137,0,0.12535000000000002
P01275,pep,147,2,0.811
P01275,pep,163,0,0.80765
P01275,pep,164,0,0.68885
P01286,pep,33,0,0.6895
P01286,pep,35,0,0.8007
P01286,pep,50,1,0.8767
P01286,pep,71,0,0.1288
P01286,pep,73,2,0.1272
P01286,pep,84,1,0.136
P01286,pep,97,1,0.23795
P01298,pep,18,1,0.53295
P01298,pep,27,1,0.1469
P01298,pep,30,2,0.33115
P01298,pep,41,1,0.9087
P01298,pep,47,2,0.5162
P01298,pep,50,1,0.5374
P01298,pep,51,1,0.3085
P01298,pep,75,0,0.1142
P01298,pep,84,2,0.11885000000000001
P01298,pep,85,1,0.15439999999999998
P01350,pep,12,1,0.69375
P01350,pep,14,1,0.72255
P01350,pep,16,2,0.70155
P01350,pep,17,2,0.5402499999999999
P01350,pep,21,1,0.5663
P01350,pep,32,1,0.1183
P01350,pep,38,1,0.1412
P01350,pep,53,0,0.15460000000000002
P01350,pep,70,1,0.22435
P01350,pep,86,0,0.38395
P01350,pep,97,1,0.46814999999999996
P04899,mem,7,1,0.36134999999999995
P04899,mem,11,1,0.4698
P04899,mem,12,1,0.90875
P04899,mem,13,1,0.5065
P04899,mem,30,1,0.74515
P04899,mem,31,1,0.7080500000000001
P04899,mem,41,2,0.99495
P04899,mem,71,1,0.75905
P04899,mem,83,2,0.9531499999999999
P04899,mem,87,1,0.9864999999999999
P04899,mem,96,1,0.20600000000000002
P04899,mem,101,1,0.32005
P04899,mem,104,1,0.95355
P04899,mem,109,0,0.46125
P04899,mem,114,2,0.75965
P04899,mem,133,1,0.1689
P04899,mem,139,2,0.1837
P04899,mem,153,0,0.99865
P04899,mem,154,0,0.54715
P04899,mem,164,0,0.6763
P04899,mem,221,1,0.99895
P04899,mem,227,1,0.9893
P04899,mem,230,1,0.87975
P04899,mem,236,0,0.8390500000000001
P04899,mem,294,0,0.1624
P04899,mem,300,0,0.98105
P04899,mem,301,0,0.8962
P04899,mem,327,0,0.9994000000000001
P04899,mem,339,0,0.9912000000000001
P05305,pep,14,2,0.49335
P05305,pep,18,2,0.21905
P05305,pep,22,3,0.27675000000000005
P05305,pep,26,3,0.19115
P05305,pep,30,1,0.13045
P05305,pep,93,1,0.3063
P05305,pep,102,0,0.16599999999999998
P05305,pep,112,0,0.31425000000000003
P05305,pep,125,0,0.2004
P05305,pep,131,0,0.1486
P06307,pep,12,2,0.85135
P06307,pep,15,2,0.7554000000000001
P06307,pep,16,1,0.42885
P06307,pep,18,1,0.28695000000000004
P06307,pep,26,2,0.1013
P06307,pep,29,2,0.0968
P06307,pep,36,2,0.1072
P06307,pep,39,1,0.13385
P06307,pep,56,3,0.2003
P06307,pep,60,2,0.23670000000000002
P06307,pep,63,2,0.58595
P06307,pep,69,1,0.3423
P06307,pep,72,2,0.23075
P06307,pep,108,1,0.8340000000000001
P06576,mem,9,2,0.25175000000000003
P06576,mem,10,3,0.2243
P06576,mem,11,2,0.1906
P06576,mem,13,3,0.1713
P06576,mem,16,1,0.14115
P06576,mem,24,0,0.14750000000000002
P06576,mem,29,1,0.15775
P06576,mem,35,1,0.14825
P06576,mem,36,1,0.1454
P06576,mem,39,2,0.15725
P06576,mem,47,1,0.3231
P06576,mem,48,1,0.2094
P06576,mem,56,2,0.13235
P06576,mem,58,1,0.13674999999999998
P06576,mem,59,1,0.1999
P06576,mem,65,3,0.9399
P06576,mem,69,1,0.99295
P06576,mem,85,0,0.9438500000000001
P06576,mem,100,1,0.9532
P06576,mem,112,1,0.99895
P06576,mem,130,0,0.15560000000000002
P06576,mem,164,1,0.3119
P06576,mem,168,1,0.386
P06576,mem,170,0,0.96625
P06576,mem,194,1,0.98605
P06576,mem,197,2,0.90045
P06576,mem,208,1,0.99905
P06576,mem,224,1,0.9971
P06576,mem,226,1,0.6812
P06576,mem,234,2,0.9984
P06576,mem,261,0,0.11455000000000001
P06576,mem,266,2,0.99585
P06576,mem,278,0,0.9948
P06576,mem,280,2,0.956
P06576,mem,283,2,0.99835
P06576,mem,290,1,0.99885
P06576,mem,314,0,0.99935
P06576,mem,320,2,0.9977
P06576,mem,328,0,0.9984500000000001
P06576,mem,336,1,0.99405
P06576,mem,359,1,0.9989
P06576,mem,364,0,0.99895
P06576,mem,371,0,0.999
P06576,mem,373,1,0.99675
P06576,mem,377,2,0.9886
P06576,mem,381,1,0.99745
P06576,mem,388,0,0.8944
P06576,mem,390,2,0.9968
P06576,mem,397,1,0.9995
P06576,mem,421,0,0.9949
P06576,mem,439,1,0.99045
P06576,mem,457,0,0.9981
P06576,mem,471,0,0.9989
P06576,mem,496,0,0.1192
P06576,mem,506,0,0.97705
P06576,mem,516,1,0.9853000000000001
P06576,mem,518,0,0.17055
P06576,mem,520,2,0.9064000000000001
P06576,mem,524,2,0.49760000000000004
P07492,pep,12,0,0.7752
P07492,pep,18,1,0.42415
P07492,pep,23,0,0.36075
P07492,pep,28,1,0.20085
P07492,pep,45,1,0.95795
P07492,pep,80,0,0.59625
P07492,pep,81,0,0.46835
P07492,pep,90,1,0.2538
P07492,pep,103,0,0.1402
P07492,pep,133,2,0.32215000000000005
P08754,mem,7,1,0.32525000000000004
P08754,mem,11,1,0.30774999999999997
P08754,mem,12,1,0.8274
P08754,mem,30,1,0.49650000000000005
P08754,mem,31,1,0.38925
P08754,mem,41,2,0.9924999999999999
P08754,mem,83,2,0.95375
P08754,mem,87,1,0.9795
P08754,mem,98,1,0.1845
P08754,mem,99,1,0.18255
P08754,mem,101,2,0.3809
P08754,mem,104,1,0.962
P08754,mem,111,1,0.93485
P08754,mem,114,2,0.593
P08754,mem,124,0,0.68525
P08754,mem,138,3,0.16749999999999998
P08754,mem,152,0,0.9969
P08754,mem,220,1,0.99745
P08754,mem,226,0,0.9874499999999999
P08754,mem,235,0,0.83555
P08754,mem,299,0,0.97875
P08754,mem,300,0,0.91075
P08754,mem,301,0,0.3481
P08754,mem,326,0,0.9988
P08754,mem,338,0,0.98715
P09471,mem,7,1,0.40205
P09471,mem,11,1,0.3741
P09471,mem,12,1,0.8306
P09471,mem,18,0,0.4022
P09471,mem,30,1,0.65645
P09471,mem,31,1,0.61035
P09471,mem,41,2,0.9916
P09471,mem,82,0,0.7970999999999999
P09471,mem,83,2,0.9399500000000001
P09471,mem,87,1,0.9724
P09471,mem,102,0,0.24535
P09471,mem,104,0,0.84395
P09471,mem,122,1,0.1548
P09471,mem,127,0,0.89605
P09471,mem,153,0,0.99605
P09471,mem,165,0,0.19765
P09471,mem,166,0,0.15455000000000002
P09471,mem,221,0,0.9982
P09471,mem,227,1,0.975
P09471,mem,300,0,0.9731000000000001
P09471,mem,301,0,0.76705
P09471,mem,302,1,0.2534
P09471,mem,306,2,0.20115
P09471,mem,326,0,0.9992
P09471,mem,338,0,0.95585
P09471,mem,345,0,0.7789999999999999
P09681,pep,8,0,0.42190000000000005
P09681,pep,17,2,0.5547500000000001
P09681,pep,30,2,0.1313
P09681,pep,40,3,0.15689999999999998
P09681,pep,53,1,0.86815
P09681,pep,64,0,0.83275
P09681,pep,79,1,0.58205
P09681,pep,96,0,0.29425
P09681,pep,98,1,0.21944999999999998
P09681,pep,102,2,0.22275
P09681,pep,105,1,0.14695
P09681,pep,112,0,0.13385
P09681,pep,120,2,0.10665
P09681,pep,139,0,0.2606
P10145,pep,6,1,0.34919999999999995
P10145,pep,8,2,0.64795
P10145,pep,11,1,0.7759
P10145,pep,12,2,0.7675000000000001
P10145,pep,17,0,0.5524
P10145,pep,18,1,0.4256
P10145,pep,23,0,0.19474999999999998
P10145,pep,29,0,0.2296
P10145,pep,62,1,0.1953
P18509,pep,7,1,0.49325
P18509,pep,10,2,0.77025
P18509,pep,27,2,0.2972
P18509,pep,28,2,0.30274999999999996
P18509,pep,29,1,0.30035
P18509,pep,42,0,0.20295000000000002
P18509,pep,61,1,0.14800000000000002
P18509,pep,65,2,0.20865
P18509,pep,67,3,0.17425000000000002
P18509,pep,70,3,0.1179
P18509,pep,71,1,0.19085
P18509,pep,72,0,0.1367
P18509,pep,73,1,0.16799999999999998
P18509,pep,78,0,0.13145
P18509,pep,84,0,0.3782
P18509,pep,91,0,0.55065
P18509,pep,101,0,0.27690000000000003
P18509,pep,110,2,0.17195
P18509,pep,121,2,0.13135
P18509,pep,125,3,0.1436
P18509,pep,149,0,0.9833000000000001
P18509,pep,155,1,0.6984
P18509,pep,156,1,0.90065
P18859,mem,16,0,0.621
P18859,mem,29,1,0.8882
P18859,mem,31,0,0.80625
P18859,mem,63,1,0.31045
P18859,mem,85,0,0.22794999999999999
P21281,mem,5,2,0.30810000000000004
P21281,mem,13,0,0.1853
P21281,mem,14,0,0.16675
P21281,mem,25,2,0.12095
P21281,mem,28,2,0.13295
P21281,mem,32,2,0.1827
P21281,mem,34,0,0.6851
P21281,mem,69,0,0.7968999999999999
P21281,mem,94,2,0.9974000000000001
P21281,mem,107,3,0.8618
P21281,mem,147,0,0.9796499999999999
P21281,mem,176,2,0.99105
P21281,mem,184,0,0.9981
P21281,mem,194,0,0.9837499999999999
P21281,mem,195,0,0.9351499999999999
P21281,mem,203,0,0.99935
P21281,mem,204,0,0.99595
P21281,mem,210,0,0.9964
P21281,mem,228,1,0.9809000000000001
P21281,mem,232,2,0.9993
P21281,mem,233,0,0.99865
P21281,mem,241,0,0.98585
P21281,mem,264,0,0.9958
P21281,mem,278,1,0.9995
P21281,mem,282,2,0.9996
P21281,mem,286,1,0.9992
P21281,mem,304,1,0.99865
P21281,mem,306,1,0.9987
P21281,mem,312,0,0.9962
P21281,mem,313,0,0.99485
P21281,mem,332,0,0.9981
P21281,mem,338,0,0.9979
P21281,mem,405,1,0.9969
P21281,mem,416,1,0.88985
P21281,mem,424,1,0.96365
P21281,mem,427,1,0.9977
P21281,mem,434,1,0.96435
P21281,mem,437,2,0.9893000000000001
P21281,mem,443,2,0.98915
P21281,mem,464,0,0.49549999999999994
P21283,mem,9,0,0.99665
P21283,mem,24,1,0.31525
P21283,mem,25,0,0.48655000000000004
P21283,mem,33,1,0.9747
P21283,mem,59,2,0.8652500000000001
P21283,mem,63,2,0.5705
P21283,mem,73,1,0.97635
P21283,mem,77,1,0.8077
P21283,mem,93,0,0.9956499999999999
P21283,mem,110,0,0.998
P21283,mem,126,1,0.69545
P21283,mem,140,0,0.9088499999999999
P21283,mem,142,1,0.8241499999999999
P21283,mem,158,0,0.7635000000000001
P21283,mem,167,0,0.8997999999999999
P21283,mem,205,0,0.886
P21283,mem,233,0,0.87295
P21283,mem,241,0,0.99905
P21283,mem,260,0,0.5609999999999999
P21283,mem,290,1,0.9944999999999999
P21283,mem,293,1,0.9611000000000001
P21283,mem,299,0,0.99815
P21283,mem,318,0,0.998
P21283,mem,346,0,0.9307
P21283,mem,347,1,0.69445
P21283,mem,348,3,0.68975
P21283,mem,352,1,0.4289
P21912,mem,6,2,0.33825
P21912,mem,15,1,0.17235
P21912,mem,21,1,0.15949999999999998
P21912,mem,25,3,0.16925
P21912,mem,29,4,0.20775
P21912,mem,32,3,0.24054999999999999
P21912,mem,33,2,0.2286
P21912,mem,34,0,0.1651
P21912,mem,36,2,0.16745
P21912,mem,43,0,0.3064
P21912,mem,52,0,0.12555
P21912,mem,75,0,0.9935
P21912,mem,102,1,0.99675
P21912,mem,112,1,0.99725
P21912,mem,148,2,0.29145
P21912,mem,190,1,0.9838
P21912,mem,210,0,0.99415
P21912,mem,215,0,0.9711000000000001
P21912,mem,232,0,0.18155
P21912,mem,262,0,0.9576
P21912,mem,264,1,0.9377
P21912,mem,271,0,0.6509
P22466,pep,6,2,0.5296000000000001
P22466,pep,10,1,0.7622500000000001
P22466,pep,15,2,0.7052499999999999
P22466,pep,16,2,0.63285
P22466,pep,17,2,0.57065
P22466,pep,20,3,0.34155
P22466,pep,22,2,0.2365
P22466,pep,28,0,0.2447
P22466,pep,39,0,0.97665
P22466,pep,47,1,0.7310000000000001
P22466,pep,102,0,0.2008
P22466,pep,104,0,0.29735
P22466,pep,113,2,0.14889999999999998
P22466,pep,114,1,0.18719999999999998
P22466,pep,115,0,0.162
P24539,mem,9,1,0.4367
P24539,mem,10,2,0.4518
P24539,mem,11,2,0.35409999999999997
P24539,mem,13,3,0.31165
P24539,mem,14,2,0.38380000000000003
P24539,mem,20,2,0.27235
P24539,mem,21,1,0.366
P24539,mem,30,1,0.41459999999999997
P24539,mem,87,0,0.89025
P24539,mem,97,0,0.30425
P24539,mem,102,0,0.80965
P24539,mem,121,2,0.7476499999999999
P24539,mem,124,1,0.86215
P24539,mem,133,0,0.19395
P24539,mem,138,2,0.2026
P24539,mem,141,1,0.15295
P24539,mem,149,0,0.40905
P24539,mem,158,1,0.20805
P24539,mem,175,0,0.41235
P24539,mem,177,0,0.40945
P24539,mem,237,1,0.3022
P24539,mem,241,1,0.22294999999999998
P24539,mem,247,1,0.857
P24539,mem,250,1,0.4082
P24539,mem,252,0,0.26739999999999997
P25705,mem,7,1,0.69145
P25705,mem,8,0,0.39144999999999996
P25705,mem,9,1,0.3852
P25705,mem,13,1,0.19225
P25705,mem,18,1,0.1869
P25705,mem,25,3,0.18255
P25705,mem,32,2,0.26405
P25705,mem,33,1,0.14584999999999998
P25705,mem,38,0,0.1981
P25705,mem,49,2,0.44095
P25705,mem,62,1,0.23085
P25705,mem,82,2,0.999
P25705,mem,92,0,0.9521999999999999
P25705,mem,136,0,0.574
P25705,mem,153,1,0.9974000000000001
P25705,mem,157,2,0.6715500000000001
P25705,mem,176,1,0.99865
P25705,mem,195,2,0.99825
P25705,mem,222,0,0.9991
P25705,mem,248,0,0.99925
P25705,mem,257,1,0.98795
P25705,mem,266,0,0.46330000000000005
P25705,mem,268,0,0.99595
P25705,mem,277,1,0.9984999999999999
P25705,mem,279,3,0.99945
P25705,mem,282,1,0.98985
P25705,mem,283,2,0.9977
P25705,mem,289,2,0.9988
P25705,mem,307,1,0.998
P25705,mem,318,1,0.9995
P25705,mem,320,0,0.99895
P25705,mem,336,2,0.9978
P25705,mem,352,0,0.99885
P25705,mem,353,0,0.9984500000000001
P25705,mem,358,2,0.15145
P25705,mem,366,2,0.9989
P25705,mem,374,1,0.97065
P25705,mem,379,1,0.99865
P25705,mem,407,2,0.9997
P25705,mem,420,0,0.982
P25705,mem,421,2,0.9996
P25705,mem,425,1,0.99455
P25705,mem,430,0,0.99885
P25705,mem,438,0,0.9993
P25705,mem,444,1,0.993
P25705,mem,445,0,0.9981500000000001
P25705,mem,447,3,0.99785
P25705,mem,455,1,0.8531
P25705,mem,456,0,0.9763
P25705,mem,480,1,0.60175
P25705,mem,486,1,0.9837
P25705,mem,490,2,0.99425
P25705,mem,510,1,0.20065
P25705,mem,521,2,0.13040000000000002
P25705,mem,528,1,0.15034999999999998
P25705,mem,538,0,0.2127
P25705,mem,549,1,0.2225
P30049,mem,5,0,0.2841
P30049,mem,19,1,0.2753
P30049,mem,21,1,0.2104
P30049,mem,23,3,0.72325
P30049,mem,25,2,0.27255
P30049,mem,26,2,0.36395
P30049,mem,27,3,0.23525
P30049,mem,28,3,0.22144999999999998
P30049,mem,30,4,0.2027
P30049,mem,31,3,0.19169999999999998
P30049,mem,32,1,0.19325
P30049,mem,43,1,0.96285
P30049,mem,53,0,0.30785
P30049,mem,66,0,0.37170000000000003
P30049,mem,71,1,0.68735
P30049,mem,72,1,0.23075
P30049,mem,89,1,0.26725
P30049,mem,105,3,0.8667499999999999
P30049,mem,108,2,0.28285
P30049,mem,116,1,0.99405
P30049,mem,119,1,0.9876
P30049,mem,129,1,0.2945
P30049,mem,130,0,0.97285
P30049,mem,132,2,0.19635
P30049,mem,137,0,0.64715
P30049,mem,139,1,0.254
P30049,mem,145,1,0.2
P30049,mem,148,2,0.1917
P30049,mem,151,1,0.8165
P30049,mem,159,1,0.8815500000000001
P30049,mem,162,2,0.66345
P31040,mem,13,1,0.14884999999999998
P31040,mem,17,2,0.17785
P31040,mem,19,0,0.1575
P31040,mem,21,1,0.1325
P31040,mem,43,1,0.14385
P31040,mem,45,1,0.41300000000000003
P31040,mem,53,1,0.15395
P31040,mem,64,1,0.99385
P31040,mem,69,2,0.9933000000000001
P31040,mem,72,3,0.9942500000000001
P31040,mem,76,3,0.9966999999999999
P31040,mem,77,2,0.99635
P31040,mem,83,1,0.38534999999999997
P31040,mem,88,1,0.99625
P31040,mem,102,3,0.997
P31040,mem,103,1,0.9972000000000001
P31040,mem,109,3,0.9959
P31040,mem,110,1,0.9908
P31040,mem,138,1,0.99055
P31040,mem,146,1,0.9951
P31040,mem,148,0,0.13715
P31040,mem,149,1,0.9521999999999999
P31040,mem,172,1,0.95635
P31040,mem,186,1,0.9934499999999999
P31040,mem,193,1,0.9329000000000001
P31040,mem,221,0,0.99385
P31040,mem,236,1,0.99665
P31040,mem,249,0,0.9948
P31040,mem,255,1,0.99695
P31040,mem,269,2,0.9958
P31040,mem,278,1,0.9948
P31040,mem,283,0,0.7653
P31040,mem,303,1,0.9632000000000001
P31040,mem,331,1,0.9912000000000001
P31040,mem,334,2,0.97705
P31040,mem,338,1,0.99875
P31040,mem,377,0,0.15755
P31040,mem,387,2,0.99865
P31040,mem,391,1,0.98115
P31040,mem,437,2,0.9954000000000001
P31040,mem,441,3,0.97175
P31040,mem,442,2,0.99485
P31040,mem,444,2,0.9572
P31040,mem,449,2,0.9969
P31040,mem,454,0,0.9941
P31040,mem,466,1,0.85615
P31040,mem,468,1,0.9781
P31040,mem,488,1,0.69785
P31040,mem,502,1,0.7764
P31040,mem,523,0,0.99455
P31040,mem,524,0,0.99205
P31040,mem,575,0,0.99455
P31040,mem,582,0,0.992
P31040,mem,584,2,0.3664
P31040,mem,591,1,0.9973000000000001
P31040,mem,593,1,0.9396
P31040,mem,652,1,0.10364999999999999
P31040,mem,655,1,0.15994999999999998
P31040,mem,660,1,0.7341
P35318,pep,7,0,0.84755
P35318,pep,15,3,0.7687999999999999
P35318,pep,19,2,0.45305
P35318,pep,22,2,0.43735
P35318,pep,27,0,0.5998
P35318,pep,38,1,0.45695
P35318,pep,57,1,0.19575
P35318,pep,61,2,0.19440000000000002
P35318,pep,64,1,0.17495
P35318,pep,76,1,0.16035
P35318,pep,87,2,0.2228
P35318,pep,88,1,0.31884999999999997
P35318,pep,121,0,0.97095
P35318,pep,136,1,0.9748
P35318,pep,157,2,0.13155
P35318,pep,170,2,0.1136
P35318,pep,173,1,0.11745
P35318,pep,175,3,0.09459999999999999
P35318,pep,181,1,0.10705
P36542,mem,5,2,0.21139999999999998
P36542,mem,8,3,0.2485
P36542,mem,12,2,0.2728
P36542,mem,26,0,0.9751000000000001
P36542,mem,52,0,0.9976
P36542,mem,53,1,0.9936
P36542,mem,54,1,0.9959
P36542,mem,57,2,0.8990499999999999
P36542,mem,59,0,0.9704
P36542,mem,66,1,0.99365
P36542,mem,75,1,0.40635
P36542,mem,80,1,0.92675
P36542,mem,105,3,0.9926999999999999
P36542,mem,111,1,0.97635
P36542,mem,119,2,0.2133
P36542,mem,123,1,0.1905
P36542,mem,124,0,0.15539999999999998
P36542,mem,152,0,0.5235000000000001
P36542,mem,166,1,0.9977
P36542,mem,170,2,0.9882
P36542,mem,210,1,0.346
P36542,mem,212,1,0.6046
P36542,mem,223,0,0.25505
P36542,mem,235,0,0.98525
P36542,mem,252,2,0.99245
P36542,mem,256,2,0.9973000000000001
P36542,mem,260,2,0.9984500000000001
P36542,mem,264,2,0.99725
P36542,mem,281,0,0.9852000000000001
P36542,mem,294,0,0.98065
P36543,mem,6,1,0.75825
P36543,mem,17,0,0.96435
P36543,mem,23,1,0.9991
P36543,mem,27,1,0.99035
P36543,mem,32,0,0.98045
P36543,mem,34,0,0.99785
P36543,mem,79,0,0.9737
P36543,mem,86,0,0.7434499999999999
P36543,mem,98,0,0.9892000000000001
P36543,mem,146,0,0.2284
P36543,mem,147,1,0.9539
P36543,mem,151,1,0.87775
P36543,mem,158,0,0.493
P36543,mem,178,0,0.8172999999999999
P36543,mem,204,0,0.8789
P36543,mem,214,2,0.56305
P36543,mem,218,1,0.33225
P36543,mem,220,1,0.31784999999999997
P38405,mem,24,0,0.4611
P38405,mem,38,1,0.43574999999999997
P38405,mem,41,1,0.8427
P38405,mem,50,2,0.99425
P38405,mem,89,0,0.9977
P38405,mem,96,0,0.89915
P38405,mem,107,0,0.4038
P38405,mem,122,0,0.754
P38405,mem,148,1,0.4406
P38405,mem,162,0,0.9964500000000001
P38405,mem,230,0,0.99915
P38405,mem,235,2,0.99495
P38405,mem,236,1,0.9884999999999999
P38405,mem,285,0,0.50215
P38405,mem,290,1,0.7462500000000001
P38405,mem,303,0,0.195
P38405,mem,311,1,0.7474000000000001
P38405,mem,315,1,0.12155
P38405,mem,324,0,0.9935
P38405,mem,338,1,0.3111
P38405,mem,353,0,0.9995
P38606,mem,31,1,0.9975499999999999
P38606,mem,35,2,0.3211
P38606,mem,37,0,0.9798
P38606,mem,38,1,0.83575
P38606,mem,62,1,0.9975
P38606,mem,97,2,0.3329
P38606,mem,126,0,0.8808
P38606,mem,180,1,0.90875
P38606,mem,223,0,0.98095
P38606,mem,236,0,0.986
P38606,mem,247,4,0.99885
P38606,mem,251,2,0.98175
P38606,mem,310,1,0.9918
P38606,mem,313,2,0.99895
P38606,mem,321,1,0.99875
P38606,mem,322,2,0.999
P38606,mem,325,2,0.9978
P38606,mem,348,2,0.9989
P38606,mem,355,1,0.9991
P38606,mem,357,0,0.9984500000000001
P38606,mem,366,3,0.9742999999999999
P38606,mem,370,2,0.9964999999999999
P38606,mem,376,4,0.9959
P38606,mem,380,3,0.9638
P38606,mem,383,2,0.9936
P38606,mem,389,0,0.9985999999999999
P38606,mem,409,1,0.99685
P38606,mem,424,1,0.9193
P38606,mem,440,0,0.9962
P38606,mem,460,0,0.8419
P38606,mem,479,0,0.9589
P38606,mem,490,0,0.8513
P38606,mem,499,1,0.8828
P38606,mem,502,1,0.9594
P38606,mem,512,0,0.9973
P38606,mem,546,1,0.29895
P38606,mem,551,1,0.9967
P38606,mem,554,1,0.8189
P38606,mem,559,0,0.71425
P38606,mem,595,1,0.1078
P38606,mem,602,1,0.14815
P38606,mem,611,1,0.29025
P48047,mem,5,2,0.32675
P48047,mem,25,0,0.33499999999999996
P48047,mem,42,1,0.99135
P48047,mem,44,2,0.9801
P48047,mem,48,1,0.94155
P48047,mem,49,0,0.9941
P48047,mem,66,0,0.25065000000000004
P48047,mem,75,0,0.3115
P48047,mem,76,0,0.22635
P48047,mem,97,0,0.22305
P48047,mem,113,1,0.97135
P48047,mem,127,1,0.76515
P48047,mem,146,0,0.89375
P48047,mem,152,1,0.1925
P48047,mem,175,0,0.3886
P48047,mem,208,0,0.4736
P48061,pep,15,1,0.5123500000000001
P48061,pep,40,1,0.59485
P48061,pep,42,0,0.50685
P48061,pep,56,0,0.3365
P48061,pep,61,0,0.99325
P48061,pep,86,0,0.63375
P50148,mem,8,2,0.44575
P50148,mem,15,2,0.4256
P50148,mem,18,1,0.6359
P50148,mem,36,0,0.72965
P50148,mem,86,1,0.9869
P50148,mem,89,2,0.8553
P50148,mem,93,1,0.9861
P50148,mem,108,0,0.1533
P50148,mem,110,0,0.8766
P50148,mem,123,0,0.1851
P50148,mem,131,1,0.9199999999999999
P50148,mem,168,1,0.6976
P50148,mem,171,1,0.14855000000000002
P50148,mem,231,0,0.9969
P50148,mem,253,0,0.95485
P50148,mem,302,1,0.6816
P50148,mem,304,0,0.48785
P50148,mem,305,1,0.9955499999999999
P50148,mem,331,0,0.9994000000000001
P50148,mem,342,0,0.881
P50148,mem,343,0,0.99195
P55089,pep,7,2,0.157
P55089,pep,8,4,0.34109999999999996
P55089,pep,11,2,0.3574
P55089,pep,12,1,0.5085
P55089,pep,30,1,0.16755
P55089,pep,31,1,0.13915
P55089,pep,44,2,0.09784999999999999
P55089,pep,51,1,0.24
P55089,pep,53,2,0.39915
P55089,pep,59,0,0.3435
P55089,pep,66,1,0.12365000000000001
P55089,pep,76,1,0.12545
P55089,pep,103,1,0.68975
P55089,pep,112,0,0.7032499999999999
P56381,mem,8,1,0.9773000000000001
P56381,mem,20,1,0.9843500000000001
P56381,mem,22,1,0.94275
P56381,mem,26,1,0.9702
P56381,mem,33,0,0.28354999999999997
P56381,mem,35,1,0.87085
P56385,mem,18,2,0.95755
P56385,mem,24,1,0.8763
P56385,mem,27,1,0.5827
P56385,mem,37,0,0.8104
P56385,mem,44,0,0.30505
P56385,mem,45,0,0.26575
P56385,mem,58,1,0.25725
P56385,mem,62,2,0.29969999999999997
P59768,mem,7,2,0.6477
P59768,mem,10,1,0.7414499999999999
P59768,mem,12,1,0.9078999999999999
P59768,mem,23,0,0.94215
P59768,mem,33,0,0.99335
P59768,mem,34,1,0.9948
P59768,mem,35,2,0.40725
P59768,mem,39,2,0.27690000000000003
P59768,mem,43,1,0.24285
P59768,mem,45,0,0.49175
P59768,mem,56,0,0.83525
P61421,mem,25,2,0.7644
P61421,mem,31,0,0.53975
P61421,mem,59,3,0.89625
P61421,mem,62,1,0.84405
P61421,mem,89,0,0.9962
P61421,mem,94,0,0.8708
P61421,mem,123,0,0.42264999999999997
P61421,mem,140,1,0.9928
P61421,mem,144,2,0.99595
P61421,mem,148,1,0.86175
P61421,mem,153,0,0.9807
P61421,mem,161,0,0.98785
P61421,mem,162,0,0.2682
P61421,mem,188,1,0.8141499999999999
P61421,mem,205,2,0.40595000000000003
P61421,mem,207,0,0.60585
P61421,mem,216,1,0.99885
P61421,mem,220,1,0.9977499999999999
P61421,mem,238,0,0.52475
P61421,mem,253,1,0.3902
P61421,mem,256,1,0.9573
P61421,mem,258,0,0.99515
P61421,mem,268,0,0.9984999999999999
P61421,mem,281,0,0.9135
P61421,mem,305,0,0.9775
P61421,mem,317,1,0.9974000000000001
P61421,mem,333,1,0.9986
P61421,mem,337,1,0.9540500000000001
P61421,mem,342,0,0.8277
P61586,mem,15,1,0.97275
P61586,mem,44,0,0.9771000000000001
P61586,mem,56,0,0.98095
P61586,mem,61,0,0.99935
P61586,mem,132,0,0.40505
P61586,mem,148,2,0.96925
P61586,mem,153,0,0.9914000000000001
P61586,mem,161,0,0.99815
P61586,mem,174,2,0.9984500000000001
P61586,mem,177,2,0.9476
P61586,mem,178,2,0.9895
P61586,mem,181,3,0.4072
P62072,mem,6,1,0.59955
P62072,mem,10,1,0.9096
P62072,mem,11,0,0.8063
P62072,mem,19,0,0.94955
P62072,mem,28,0,0.9468
P62072,mem,41,1,0.7397499999999999
P62873,mem,11,0,0.9659500000000001
P62873,mem,21,1,0.8037
P62873,mem,24,2,0.60555
P62873,mem,26,0,0.5101
P62873,mem,28,2,0.7217
P62873,mem,56,2,0.9976
P62873,mem,60,2,0.9959
P62873,mem,73,1,0.99965
P62873,mem,92,0,0.9974000000000001
P62873,mem,104,1,0.9843999999999999
P62873,mem,106,1,0.98975
P62873,mem,113,2,0.99965
P62873,mem,140,2,0.87385
P62873,mem,167,0,0.9058999999999999
P62873,mem,193,1,0.75
P62873,mem,203,2,0.9976
P62873,mem,206,2,0.87245
P62873,mem,208,0,0.99855
P62873,mem,231,1,0.99505
P62873,mem,240,1,0.97915
P62873,mem,242,2,0.9947999999999999
P62873,mem,248,2,0.9938
P62873,mem,257,0,0.9933000000000001
P62873,mem,287,0,0.99925
P62873,mem,299,1,0.9742
P62873,mem,302,3,0.80155
P62873,mem,305,2,0.9564999999999999
P62873,mem,309,2,0.97165
P62873,mem,326,1,0.9939
P62873,mem,328,2,0.99825
P63096,mem,7,1,0.39025
P63096,mem,11,1,0.37395
P63096,mem,12,1,0.91855
P63096,mem,30,1,0.6887
P63096,mem,31,1,0.6229
P63096,mem,41,2,0.9944999999999999
P63096,mem,59,1,0.29069999999999996
P63096,mem,71,1,0.8130999999999999
P63096,mem,83,2,0.9656
P63096,mem,87,1,0.9842
P63096,mem,99,1,0.1896
P63096,mem,101,2,0.45445
P63096,mem,104,1,0.98035
P63096,mem,111,1,0.9658
P63096,mem,113,1,0.5669
P63096,mem,114,2,0.80665
P63096,mem,121,3,0.17465
P63096,mem,124,1,0.71985
P63096,mem,138,2,0.19890000000000002
P63096,mem,152,0,0.9984500000000001
P63096,mem,153,0,0.6089
P63096,mem,163,0,0.75055
P63096,mem,220,1,0.9987
P63096,mem,226,0,0.9901
P63096,mem,235,0,0.8345499999999999
P63096,mem,291,0,0.1618
P63096,mem,299,0,0.9902
P63096,mem,300,0,0.9488
P63096,mem,301,0,0.4504
P63096,mem,326,0,0.9994000000000001
P63096,mem,338,0,0.9937499999999999
P78556,pep,10,2,0.52625
P78556,pep,11,1,0.6874
P78556,pep,26,1,0.46925
P78556,pep,27,1,0.35575
P78556,pep,54,1,0.49960000000000004
P78556,pep,62,0,0.9691000000000001
P78556,pep,75,1,0.95255
Q13303,mem,11,2,0.24455
Q13303,mem,69,0,0.98575
Q13303,mem,76,1,0.9973000000000001
Q13303,mem,87,1,0.994
Q13303,mem,91,2,0.81985
Q13303,mem,92,1,0.5889
Q13303,mem,95,2,0.9896
Q13303,mem,125,1,0.74165
Q13303,mem,142,1,0.46865
Q13303,mem,157,0,0.98705
Q13303,mem,172,0,0.99295
Q13303,mem,182,1,0.9958
Q13303,mem,198,1,0.99415
Q13303,mem,202,1,0.99685
Q13303,mem,215,0,0.9169
Q13303,mem,240,2,0.9328000000000001
Q13303,mem,247,1,0.92525
Q13303,mem,265,1,0.9772000000000001
Q13303,mem,287,0,0.2421
Q13303,mem,294,0,0.2469
Q13303,mem,296,1,0.9713499999999999
Q13303,mem,307,0,0.9893000000000001
Q13303,mem,309,0,0.9916499999999999
Q13303,mem,324,1,0.9822
Q13303,mem,327,2,0.24015
Q13303,mem,336,0,0.99485
Q14344,mem,25,1,0.20579999999999998
Q14344,mem,56,2,0.9884
Q14344,mem,80,0,0.34885
Q14344,mem,102,0,0.9863500000000001
Q14344,mem,129,2,0.18775
Q14344,mem,132,2,0.3077
Q14344,mem,133,1,0.23845
Q14344,mem,148,1,0.43215000000000003
Q14344,mem,151,2,0.22794999999999999
Q14344,mem,154,2,0.15015
Q14344,mem,161,1,0.99005
Q14344,mem,199,0,0.9884999999999999
Q14344,mem,349,0,0.99855
Q16864,mem,9,2,0.99895
Q16864,mem,71,0,0.9981
Q16864,mem,77,1,0.6395500000000001
Q16864,mem,80,2,0.32930000000000004
Q16864,mem,87,1,0.9937
Q16864,mem,100,1,0.89025
Q16864,mem,101,1,0.48475
Q16864,mem,109,0,0.9857
Q16864,mem,115,1,0.6146
Q53H12,mem,17,0,0.9274
Q53H12,mem,41,0,0.2639
Q53H12,mem,42,1,0.79065
Q53H12,mem,46,2,0.97385
Q53H12,mem,58,0,0.2351
Q53H12,mem,63,0,0.96265
Q53H12,mem,70,1,0.78015
Q53H12,mem,71,1,0.96855
Q53H12,mem,76,0,0.9768
Q53H12,mem,84,0,0.99035
Q53H12,mem,85,0,0.8954
Q53H12,mem,106,0,0.98735
Q53H12,mem,122,1,0.9931
Q53H12,mem,142,1,0.16899999999999998
Q53H12,mem,166,1,0.1433
Q53H12,mem,178,1,0.96915
Q53H12,mem,181,2,0.8807
Q53H12,mem,205,1,0.9882
Q53H12,mem,217,1,0.7323500000000001
Q53H12,mem,234,0,0.9459
Q53H12,mem,235,1,0.9257
Q53H12,mem,250,1,0.8492
Q53H12,mem,284,1,0.20765
Q53H12,mem,288,2,0.13924999999999998
Q53H12,mem,293,0,0.1249
Q53H12,mem,368,0,0.9232
Q53H12,mem,379,1,0.1256
Q53H12,mem,392,0,0.8081
Q5JWF2,mem,33,2,0.24860000000000002
Q5JWF2,mem,36,2,0.2783
Q5JWF2,mem,37,3,0.31335
Q5JWF2,mem,38,3,0.3419
Q5JWF2,mem,41,3,0.22870000000000001
Q5JWF2,mem,46,1,0.29635
Q5JWF2,mem,67,0,0.16294999999999998
Q5JWF2,mem,84,1,0.1864
Q5JWF2,mem,88,2,0.20445
Q5JWF2,mem,90,1,0.1903
Q5JWF2,mem,101,0,0.40765
Q5JWF2,mem,106,1,0.15495
Q5JWF2,mem,129,3,0.19985
Q5JWF2,mem,133,3,0.1963
Q5JWF2,mem,137,1,0.19
Q5JWF2,mem,143,2,0.19415
Q5JWF2,mem,147,2,0.14305
Q5JWF2,mem,161,0,0.46795
Q5JWF2,mem,170,1,0.16795
Q5JWF2,mem,185,1,0.27695000000000003
Q5JWF2,mem,191,2,0.1817
Q5JWF2,mem,192,2,0.18009999999999998
Q5JWF2,mem,197,1,0.18280000000000002
Q5JWF2,mem,204,1,0.16494999999999999
Q5JWF2,mem,208,3,0.1558
Q5JWF2,mem,210,1,0.1514
Q5JWF2,mem,247,2,0.18
Q5JWF2,mem,256,4,0.19775
Q5JWF2,mem,257,3,0.23875
Q5JWF2,mem,259,3,0.24345
Q5JWF2,mem,260,3,0.18209999999999998
Q5JWF2,mem,263,2,0.20600000000000002
Q5JWF2,mem,269,1,0.22295
Q5JWF2,mem,270,0,0.1773
Q5JWF2,mem,272,1,0.18819999999999998
Q5JWF2,mem,280,1,0.18555
Q5JWF2,mem,288,1,0.2573
Q5JWF2,mem,314,1,0.1974
Q5JWF2,mem,316,2,0.15545
Q5JWF2,mem,331,2,0.26755
Q5JWF2,mem,342,0,0.3463
Q5JWF2,mem,349,0,0.355
Q5JWF2,mem,358,0,0.30085
Q5JWF2,mem,359,1,0.3574
Q5JWF2,mem,364,2,0.19469999999999998
Q5JWF2,mem,365,1,0.1883
Q5JWF2,mem,367,4,0.18345
Q5JWF2,mem,368,3,0.16975
Q5JWF2,mem,382,3,0.24965
Q5JWF2,mem,383,4,0.2464
Q5JWF2,mem,385,2,0.21265
Q5JWF2,mem,386,2,0.22394999999999998
Q5JWF2,mem,388,4,0.1837
Q5JWF2,mem,391,4,0.221
Q5JWF2,mem,392,2,0.1688
Q5JWF2,mem,394,3,0.21695
Q5JWF2,mem,395,3,0.21385
Q5JWF2,mem,397,2,0.2247
Q5JWF2,mem,398,2,0.19929999999999998
Q5JWF2,mem,400,2,0.20274999999999999
Q5JWF2,mem,406,0,0.1742
Q5JWF2,mem,416,1,0.19445
Q5JWF2,mem,418,2,0.22755
Q5JWF2,mem,424,1,0.17315
Q5JWF2,mem,426,2,0.14600000000000002
Q5JWF2,mem,427,3,0.22765
Q5JWF2,mem,433,2,0.21239999999999998
Q5JWF2,mem,434,2,0.20455
Q5JWF2,mem,436,3,0.15200000000000002
Q5JWF2,mem,437,2,0.1997
Q5JWF2,mem,439,2,0.20365
Q5JWF2,mem,445,1,0.21595
Q5JWF2,mem,446,2,0.21245
Q5JWF2,mem,449,2,0.21939999999999998
Q5JWF2,mem,451,1,0.24514999999999998
Q5JWF2,mem,457,1,0.2369
Q5JWF2,mem,458,2,0.2312
Q5JWF2,mem,461,2,0.20115
Q5JWF2,mem,463,1,0.21685
Q5JWF2,mem,467,2,0.20284999999999997
Q5JWF2,mem,469,1,0.195
Q5JWF2,mem,470,2,0.20245000000000002
Q5JWF2,mem,473,3,0.1632
Q5JWF2,mem,475,2,0.2146
Q5JWF2,mem,476,3,0.19865
Q5JWF2,mem,478,1,0.21515
Q5JWF2,mem,479,2,0.2356
Q5JWF2,mem,480,2,0.15175
Q5JWF2,mem,484,2,0.24685
Q5JWF2,mem,485,1,0.21235
Q5JWF2,mem,488,3,0.20729999999999998
Q5JWF2,mem,490,1,0.26695
Q5JWF2,mem,491,3,0.2271
Q5JWF2,mem,494,2,0.2036
Q5JWF2,mem,496,1,0.2089
Q5JWF2,mem,499,4,0.21960000000000002
Q5JWF2,mem,501,1,0.2356
Q5JWF2,mem,502,1,0.21755
Q5JWF2,mem,504,3,0.23370000000000002
Q5JWF2,mem,507,2,0.2601
Q5JWF2,mem,508,1,0.21295
Q5JWF2,mem,513,2,0.24314999999999998
Q5JWF2,mem,514,1,0.24619999999999997
Q5JWF2,mem,516,3,0.27975
Q5JWF2,mem,517,4,0.21610000000000001
Q5JWF2,mem,519,3,0.2515
Q5JWF2,mem,522,1,0.2542
Q5JWF2,mem,537,0,0.48185
Q5JWF2,mem,538,0,0.61995
Q5JWF2,mem,548,0,0.31505
Q5JWF2,mem,550,1,0.3183
Q5JWF2,mem,570,0,0.19685000000000002
Q5JWF2,mem,615,1,0.69545
Q5JWF2,mem,630,1,0.22175
Q5JWF2,mem,642,0,0.35715
Q5JWF2,mem,652,0,0.3094
Q5JWF2,mem,657,1,0.3062
Q5JWF2,mem,661,1,0.41405000000000003
Q5JWF2,mem,691,2,0.9951
Q5JWF2,mem,722,1,0.72435
Q5JWF2,mem,723,1,0.74745
Q5JWF2,mem,732,1,0.5791
Q5JWF2,mem,745,0,0.9976
Q5JWF2,mem,751,1,0.87205
Q5JWF2,mem,752,0,0.9863999999999999
Q5JWF2,mem,763,0,0.73325
Q5JWF2,mem,793,0,0.99655
Q5JWF2,mem,795,0,0.6872
Q5JWF2,mem,804,1,0.76965
Q5JWF2,mem,818,0,0.997
Q5JWF2,mem,831,0,0.34925
Q5JWF2,mem,886,0,0.99925
Q5JWF2,mem,892,1,0.9976
Q5JWF2,mem,912,0,0.998
Q5JWF2,mem,941,0,0.8613999999999999
Q5JWF2,mem,946,1,0.8926499999999999
Q5JWF2,mem,959,0,0.6308499999999999
Q5JWF2,mem,967,0,0.9285000000000001
Q5JWF2,mem,980,0,0.99675
Q5JWF2,mem,994,1,0.88715
Q5JWF2,mem,1009,0,0.999
Q96A98,pep,31,2,0.25765
Q96A98,pep,35,2,0.38715
Q96A98,pep,50,0,0.13924999999999998
Q96A98,pep,52,2,0.12825
Q96A98,pep,55,1,0.11945
Q96A98,pep,64,0,0.6737
Q96A98,pep,66,3,0.7954
Q96A98,pep,69,1,0.40954999999999997
Q96A98,pep,70,1,0.79775
Q96A98,pep,75,1,0.7432
Q96A98,pep,79,1,0.6756
Q96A98,pep,80,0,0.7162999999999999
Q9H1J5,pep,9,1,0.3075
Q9H1J5,pep,10,0,0.4184
Q9H1J5,pep,16,3,0.24109999999999998
Q9H1J5,pep,17,2,0.23965
Q9H1J5,pep,20,3,0.2972
Q9H1J5,pep,22,1,0.41885
Q9H1J5,pep,35,1,0.613
Q9H1J5,pep,44,1,0.5261
Q9H1J5,pep,47,2,0.7978
Q9H1J5,pep,59,0,0.2286
Q9H1J5,pep,69,1,0.46995
Q9H1J5,pep,81,0,0.8986000000000001
Q9H1J5,pep,90,3,0.9925999999999999
Q9H1J5,pep,94,1,0.989
Q9H1J5,pep,156,1,0.41545
Q9H1J5,pep,158,0,0.7666
Q9H1J5,pep,167,1,0.8499
Q9H1J5,pep,171,3,0.9373
Q9H1J5,pep,174,1,0.1743
Q9H1J5,pep,199,0,0.40005
Q9H1J5,pep,210,0,0.1225
Q9H1J5,pep,215,0,0.93455
Q9H1J5,pep,227,2,0.20035
Q9H1J5,pep,231,2,0.43494999999999995
Q9H1J5,pep,238,0,0.12635
Q9H1J5,pep,240,1,0.14550000000000002
Q9H1J5,pep,245,0,0.145
Q9H1J5,pep,247,1,0.14145000000000002
Q9H1J5,pep,337,1,0.20395000000000002
Q9H1J5,pep,343,2,0.0962
Q9UHF0,pep,9,1,0.8086
Q9UHF0,pep,12,2,0.7502
Q9UHF0,pep,16,2,0.4149
Q9UHF0,pep,21,1,0.28305
Q9UHF0,pep,63,2,0.24330000000000002
Q9UHF0,pep,67,1,0.29515
Q9UI12,mem,9,2,0.8811
Q9UI12,mem,12,2,0.8855999999999999
Q9UI12,mem,13,1,0.9256
Q9UI12,mem,20,2,0.89045
Q9UI12,mem,21,1,0.82435
Q9UI12,mem,23,1,0.98575
Q9UI12,mem,24,3,0.7481
Q9UI12,mem,28,1,0.57055
Q9UI12,mem,44,0,0.24355
Q9UI12,mem,74,2,0.9926999999999999
Q9UI12,mem,115,1,0.89925
Q9UI12,mem,122,1,0.92445
Q9UI12,mem,141,0,0.9943
Q9UI12,mem,142,1,0.99605
Q9UI12,mem,146,3,0.9964500000000001
Q9UI12,mem,149,2,0.9947
Q9UI12,mem,150,1,0.9541
Q9UI12,mem,183,3,0.1621
Q9UI12,mem,202,0,0.9967
Q9UI12,mem,217,1,0.6594
Q9UI12,mem,221,1,0.68445
Q9UI12,mem,251,0,0.9917
Q9UI12,mem,287,0,0.991
Q9UI12,mem,288,0,0.98995
Q9UI12,mem,306,0,0.9881
Q9UI12,mem,308,0,0.89135
Q9UI12,mem,380,0,0.9896
Q9UI12,mem,408,1,0.99105
Q9UI12,mem,410,0,0.99955
Q9UI12,mem,411,2,0.9978
Q9UI12,mem,452,1,0.9994
Q9UI12,mem,455,1,0.99935
Q9UI12,mem,479,1,0.29764999999999997
Q9UII2,mem,5,2,0.36885
Q9UII2,mem,7,0,0.3826
Q9UII2,mem,8,1,0.34335000000000004
Q9UII2,mem,22,1,0.24054999999999999
Q9UII2,mem,37,0,0.29355
Q9UII2,mem,43,2,0.86475
Q9UII2,mem,46,1,0.7783500000000001
Q9UII2,mem,53,0,0.82875
Q9UII2,mem,61,0,0.18464999999999998
Q9UII2,mem,68,0,0.20705
Q9UII2,mem,69,0,0.23165000000000002
Q9Y3B6,mem,8,0,0.39125
Q9Y3B6,mem,10,1,0.9467000000000001
Q9Y3B6,mem,18,0,0.9382999999999999
Q9Y3B6,mem,19,0,0.7077
Q9Y3B6,mem,24,1,0.33245
Q9Y3B6,mem,25,1,0.5707
Q9Y3B6,mem,32,1,0.78635
Q9Y3B6,mem,34,2,0.14
Q9Y3B6,mem,55,1,0.5428
Q9Y3B6,mem,63,0,0.98885
Q9Y3B6,mem,72,1,0.16275
Q9Y3B6,mem,74,1,0.13115
Q9Y3B6,mem,79,1,0.9357500000000001
Q9Y3B6,mem,84,2,0.96975
Q9Y3B6,mem,86,0,0.4021
Q9Y3B6,mem,87,1,0.2238
Q9Y3B6,mem,97,2,0.8945000000000001
Q9Y3B6,mem,101,2,0.9618
Q9Y3B6,mem,105,2,0.3867
Q9Y3B6,mem,111,0,0.93545
Q9Y3B6,mem,162,0,0.1414
Q9Y3B6,mem,168,0,0.24664999999999998
Q9Y5J7,mem,77,1,0.6819500000000001
Q9Y5J7,mem,79,2,0.9009499999999999
Q9Y5J7,mem,80,2,0.6742
Q9Y5J7,mem,82,2,0.777
Q9Y5K8,mem,15,1,0.9729
Q9Y5K8,mem,21,1,0.88515
Q9Y5K8,mem,26,1,0.9958
Q9Y5K8,mem,39,0,0.9958
Q9Y5K8,mem,65,1,0.998
Q9Y5K8,mem,66,1,0.8952
Q9Y5K8,mem,70,1,0.9944
Q9Y5K8,mem,72,2,0.99505
Q9Y5K8,mem,76,2,0.9581
Q9Y5K8,mem,90,0,0.9944
Q9Y5K8,mem,96,0,0.9196
Q9Y5K8,mem,102,0,0.9983
Q9Y5K8,mem,125,1,0.9780500000000001
Q9Y5K8,mem,132,1,0.60535
Q9Y5K8,mem,139,0,0.47975
Q9Y5K8,mem,141,0,0.9964500000000001
Q9Y5K8,mem,149,0,0.9987
Q9Y5K8,mem,161,0,0.97725
Q9Y5K8,mem,171,0,0.9989
Q9Y5K8,mem,185,0,0.4365
Q9Y5K8,mem,225,0,0.1237
Q9Y5K8,mem,226,0,0.1308
Q9Y5K8,mem,233,1,0.17995
Q9Y5K8,mem,237,1,0.17420000000000002
Q9Y5Q6,pep,16,1,0.39825
Q9Y5Q6,pep,42,0,0.8160000000000001
Q9Y5Q6,pep,56,2,0.10335
Q9Y5Q6,pep,59,2,0.13874999999999998
Q9Y5Q6,pep,79,0,0.0932
Q9Y5Q6,pep,87,0,0.111
