X,Y,tm_asym,nt_asym,abs_tm,abs_nt
A,C,-0.19145,-0.33330000000000004,0.19145,0.33330000000000004
A,D,0.46659999999999996,0.06864999999999999,0.46659999999999996,0.06864999999999999
A,E,0.5466,0.2775500000000001,0.5466,0.2775500000000001
A,F,-0.3808,-0.41885000000000006,0.3808,0.41885000000000006
A,G,-0.0633,-0.21969999999999998,0.0633,0.21969999999999998
A,H,0.42965000000000003,0.02265000000000006,0.42965000000000003,0.02265000000000006
A,I,-0.25575,-0.45615,0.25575,0.45615
A,K,0.395,0.1331000000000001,0.395,0.1331000000000001
A,L,-0.24529999999999996,-0.46265,0.24529999999999996,0.46265
A,M,-0.29335,-0.3728,0.29335,0.3728
A,N,0.25644999999999996,0.1104,0.25644999999999996,0.1104
A,P,0.68065,0.7139,0.68065,0.7139
A,Q,0.4607,0.24694999999999995,0.4607,0.24694999999999995
A,R,0.31565,-0.06829999999999992,0.31565,0.06829999999999992
A,S,0.027899999999999994,0.006449999999999997,0.027899999999999994,0.006449999999999997
A,T,0.02625000000000001,-0.021300000000000013,0.02625000000000001,0.021300000000000013
A,V,-0.1555,-0.41595,0.1555,0.41595
A,W,-0.01739999999999997,-0.08640000000000003,0.01739999999999997,0.08640000000000003
A,Y,-0.1361,-0.26224999999999987,0.1361,0.26224999999999987
C,D,0.1432,0.053099999999999925,0.1432,0.053099999999999925
C,E,0.09919999999999995,0.05775000000000008,0.09919999999999995,0.05775000000000008
C,F,-0.0020000000000000018,0.00880000000000003,0.0020000000000000018,0.00880000000000003
C,G,0.06514999999999993,0.09549999999999992,0.06514999999999993,0.09549999999999992
C,H,0.6399,0.55095,0.6399,0.55095
C,I,0.04954999999999998,0.012899999999999912,0.04954999999999998,0.012899999999999912
C,K,0.2016,0.13780000000000003,0.2016,0.13780000000000003
C,L,0.09789999999999999,0.10344999999999993,0.09789999999999999,0.10344999999999993
C,M,0.057949999999999946,0.09784999999999999,0.057949999999999946,0.09784999999999999
C,N,0.40895000000000004,0.52355,0.40895000000000004,0.52355
C,P,0.29774999999999996,0.37744999999999995,0.29774999999999996,0.37744999999999995
C,Q,0.27170000000000005,0.19765,0.27170000000000005,0.19765
C,R,0.6524,0.4144,0.6524,0.4144
C,S,0.5139,0.66805,0.5139,0.66805
C,T,0.27054999999999996,0.29810000000000003,0.27054999999999996,0.29810000000000003
C,V,-0.02134999999999998,0.013050000000000006,0.02134999999999998,0.013050000000000006
C,W,-0.0015499999999999403,-0.005850000000000022,0.0015499999999999403,0.005850000000000022
C,Y,0.33245,0.21555000000000002,0.33245,0.21555000000000002
D,E,0.1006,0.20365,0.1006,0.20365
D,F,-0.17685000000000006,-0.04420000000000002,0.17685000000000006,0.04420000000000002
D,G,-0.40395000000000003,-0.24570000000000003,0.40395000000000003,0.24570000000000003
D,H,0.1321,0.07989999999999997,0.1321,0.07989999999999997
D,I,-0.2946500000000001,-0.08709999999999996,0.2946500000000001,0.08709999999999996
D,K,-0.08099999999999996,0.017299999999999982,0.08099999999999996,0.017299999999999982
D,L,-0.3246,-0.10760000000000003,0.3246,0.10760000000000003
D,M,-0.15590000000000004,-0.044850000000000056,0.15590000000000004,0.044850000000000056
D,N,-0.07170000000000001,0.0036000000000000476,0.07170000000000001,0.0036000000000000476
D,P,0.28674999999999995,0.4574499999999999,0.28674999999999995,0.4574499999999999
D,Q,0.08254999999999996,0.17475000000000007,0.08254999999999996,0.17475000000000007
D,R,-0.10859999999999992,-0.020500000000000074,0.10859999999999992,0.020500000000000074
D,S,-0.37310000000000004,-0.1612,0.37310000000000004,0.1612
D,T,-0.23980000000000007,-0.08979999999999999,0.23980000000000007,0.08979999999999999
D,V,-0.4593,-0.19899999999999995,0.4593,0.19899999999999995
D,W,-0.047699999999999965,-0.005299999999999971,0.047699999999999965,0.005299999999999971
D,Y,-0.46415,-0.18310000000000004,0.46415,0.18310000000000004
E,F,-0.15649999999999997,-0.059150000000000036,0.15649999999999997,0.059150000000000036
E,G,-0.5182,-0.49605,0.5182,0.49605
E,H,0.15005000000000002,0.016650000000000054,0.15005000000000002,0.016650000000000054
E,I,-0.42125,-0.2529000000000001,0.42125,0.2529000000000001
E,K,-0.062299999999999994,0.002449999999999952,0.062299999999999994,0.002449999999999952
E,L,-0.3942,-0.23595,0.3942,0.23595
E,M,-0.3283499999999999,-0.1742999999999999,0.3283499999999999,0.1742999999999999
E,N,-0.23360000000000003,-0.16275000000000006,0.23360000000000003,0.16275000000000006
E,P,0.36789999999999995,0.5861999999999999,0.36789999999999995,0.5861999999999999
E,Q,0.067,0.13895000000000002,0.067,0.13895000000000002
E,R,-0.11029999999999995,-0.08395000000000008,0.11029999999999995,0.08395000000000008
E,S,-0.42244999999999994,-0.32780000000000004,0.42244999999999994,0.32780000000000004
E,T,-0.31205,-0.30905,0.31205,0.30905
E,V,-0.5428,-0.44410000000000005,0.5428,0.44410000000000005
E,W,-0.06559999999999999,-0.016349999999999976,0.06559999999999999,0.016349999999999976
E,Y,-0.25475000000000003,-0.11445000000000005,0.25475000000000003,0.11445000000000005
F,G,0.10240000000000005,0.03149999999999997,0.10240000000000005,0.03149999999999997
F,H,0.5765,0.40235,0.5765,0.40235
F,I,0.33080000000000004,0.10450000000000004,0.33080000000000004,0.10450000000000004
F,K,0.12085000000000001,0.05120000000000002,0.12085000000000001,0.05120000000000002
F,L,0.66745,0.41925,0.66745,0.41925
F,M,0.24144999999999994,0.22525000000000006,0.24144999999999994,0.22525000000000006
F,N,0.21099999999999997,0.18014999999999992,0.21099999999999997,0.18014999999999992
F,P,0.35009999999999997,0.35485,0.35009999999999997,0.35485
F,Q,0.2571,0.15835,0.2571,0.15835
F,R,0.2894,0.08020000000000005,0.2894,0.08020000000000005
F,S,0.515,0.4868,0.515,0.4868
F,T,0.43175,0.23024999999999995,0.43175,0.23024999999999995
F,V,0.32195,0.11675000000000002,0.32195,0.11675000000000002
F,W,0.32100000000000006,0.27149999999999996,0.32100000000000006,0.27149999999999996
F,Y,0.3452,0.2812,0.3452,0.2812
G,H,0.43389999999999995,0.19884999999999997,0.43389999999999995,0.19884999999999997
G,I,-0.19130000000000003,-0.07005000000000006,0.19130000000000003,0.07005000000000006
G,K,0.3229000000000001,0.23560000000000003,0.3229000000000001,0.23560000000000003
G,L,-0.06659999999999999,-0.04554999999999998,0.06659999999999999,0.04554999999999998
G,M,-0.07050000000000001,-0.008599999999999941,0.07050000000000001,0.008599999999999941
G,N,0.302,0.45669999999999994,0.302,0.45669999999999994
G,P,0.5749,0.6634,0.5749,0.6634
G,Q,0.47840000000000005,0.52955,0.47840000000000005,0.52955
G,R,0.45785,0.2692,0.45785,0.2692
G,S,0.0812499999999999,0.19205000000000003,0.0812499999999999,0.19205000000000003
G,T,0.11499999999999999,0.2820499999999999,0.11499999999999999,0.2820499999999999
G,V,0.08199999999999996,0.05845,0.08199999999999996,0.05845
G,W,-0.01079999999999992,0.02785000000000004,0.01079999999999992,0.02785000000000004
G,Y,-0.023800000000000043,0.0017000000000000348,0.023800000000000043,0.0017000000000000348
H,I,-0.46535000000000004,-0.22625000000000006,0.46535000000000004,0.22625000000000006
H,K,-0.029400000000000037,0.2118,0.029400000000000037,0.2118
H,L,-0.64125,-0.5106999999999999,0.64125,0.5106999999999999
H,M,-0.35030000000000006,-0.19455,0.35030000000000006,0.19455
H,N,-0.024149999999999977,0.10500000000000001,0.024149999999999977,0.10500000000000001
H,P,0.10320000000000001,0.5887,0.10320000000000001,0.5887
H,Q,-0.022199999999999998,0.07894999999999996,0.022199999999999998,0.07894999999999996
H,R,-0.005649999999999988,0.11979999999999996,0.005649999999999988,0.11979999999999996
H,S,-0.21650000000000008,-0.005900000000000016,0.21650000000000008,0.005900000000000016
H,T,-0.11599999999999999,0.006800000000000028,0.11599999999999999,0.006800000000000028
H,V,-0.55385,-0.33709999999999996,0.55385,0.33709999999999996
H,W,-0.5102500000000001,-0.3305999999999999,0.5102500000000001,0.3305999999999999
H,Y,-0.5821000000000001,-0.5872,0.5821000000000001,0.5872
I,K,0.38339999999999996,0.23330000000000006,0.38339999999999996,0.23330000000000006
I,L,-0.0049000000000000155,0.0912,0.0049000000000000155,0.0912
I,M,-0.46915,-0.3364499999999999,0.46915,0.3364499999999999
I,N,0.35309999999999997,0.40254999999999996,0.35309999999999997,0.40254999999999996
I,P,0.5064500000000001,0.5242,0.5064500000000001,0.5242
I,Q,0.46369999999999995,0.42994999999999994,0.46369999999999995,0.42994999999999994
I,R,0.46385000000000004,0.23009999999999997,0.46385000000000004,0.23009999999999997
I,S,0.39420000000000005,0.5046499999999999,0.39420000000000005,0.5046499999999999
I,T,0.23964999999999997,0.29569999999999996,0.23964999999999997,0.29569999999999996
I,V,0.010499999999999995,0.02744999999999999,0.010499999999999995,0.02744999999999999
I,W,0.027100000000000013,0.02629999999999999,0.027100000000000013,0.02629999999999999
I,Y,0.005299999999999971,0.05075000000000007,0.005299999999999971,0.05075000000000007
K,L,-0.40174999999999994,-0.2511,0.40174999999999994,0.2511
K,M,-0.4278500000000001,-0.28264999999999996,0.4278500000000001,0.28264999999999996
K,N,0.02905000000000002,0.08860000000000001,0.02905000000000002,0.08860000000000001
K,P,0.41885000000000006,0.5291999999999999,0.41885000000000006,0.5291999999999999
K,Q,0.04290000000000001,0.03470000000000001,0.04290000000000001,0.03470000000000001
K,R,-0.06360000000000002,-0.1251,0.06360000000000002,0.1251
K,S,-0.27895000000000003,-0.11380000000000001,0.27895000000000003,0.11380000000000001
K,T,-0.2188,-0.24780000000000002,0.2188,0.24780000000000002
K,V,-0.4194,-0.2925,0.4194,0.2925
K,W,-0.17845,-0.07994999999999997,0.17845,0.07994999999999997
K,Y,-0.24129999999999996,-0.12139999999999995,0.24129999999999996,0.12139999999999995
L,M,0.007500000000000007,0.028099999999999986,0.007500000000000007,0.028099999999999986
L,N,0.43854999999999994,0.46799999999999997,0.43854999999999994,0.46799999999999997
L,P,0.7072,0.7541,0.7072,0.7541
L,Q,0.5551,0.58855,0.5551,0.58855
L,R,0.48874999999999996,0.25939999999999996,0.48874999999999996,0.25939999999999996
L,S,0.5461,0.6541,0.5461,0.6541
L,T,0.3751,0.4103,0.3751,0.4103
L,V,-0.13290000000000002,-0.3537,0.13290000000000002,0.3537
L,W,-0.1280499999999999,-0.06784999999999997,0.1280499999999999,0.06784999999999997
L,Y,0.05280000000000007,0.048799999999999955,0.05280000000000007,0.048799999999999955
M,N,0.3238000000000001,0.34409999999999996,0.3238000000000001,0.34409999999999996
M,P,0.49885,0.51755,0.49885,0.51755
M,Q,0.32620000000000005,0.3041,0.32620000000000005,0.3041
M,R,0.34340000000000004,0.10219999999999996,0.34340000000000004,0.10219999999999996
M,S,0.4113,0.47945,0.4113,0.47945
M,T,0.38689999999999997,0.48285,0.38689999999999997,0.48285
M,V,-0.08289999999999997,-0.3004,0.08289999999999997,0.3004
M,W,-0.012900000000000023,-0.021649999999999947,0.012900000000000023,0.021649999999999947
M,Y,0.014950000000000019,-0.0025999999999999357,0.014950000000000019,0.0025999999999999357
N,P,0.35179999999999995,0.48100000000000004,0.35179999999999995,0.48100000000000004
N,Q,0.1594,0.11365000000000003,0.1594,0.11365000000000003
N,R,-0.11264999999999992,-0.20430000000000004,0.11264999999999992,0.20430000000000004
N,S,-0.1628,-0.1725,0.1628,0.1725
N,T,-0.030049999999999993,-0.1366,0.030049999999999993,0.1366
N,V,-0.3568,-0.4621,0.3568,0.4621
N,W,-0.11239999999999994,-0.08545000000000003,0.11239999999999994,0.08545000000000003
N,Y,-0.41620000000000007,-0.4722,0.41620000000000007,0.4722
P,Q,-0.10869999999999996,-0.54225,0.10869999999999996,0.54225
P,R,-0.53115,-0.7002,0.53115,0.7002
P,S,-0.31625000000000003,-0.5534,0.31625000000000003,0.5534
P,T,-0.28825,-0.5571,0.28825,0.5571
P,V,-0.6213,-0.67235,0.6213,0.67235
P,W,-0.2574000000000001,-0.24824999999999997,0.2574000000000001,0.24824999999999997
P,Y,-0.3842,-0.3958499999999999,0.3842,0.3958499999999999
Q,R,-0.011799999999999991,-0.023999999999999994,0.011799999999999991,0.023999999999999994
Q,S,-0.36045000000000005,-0.35115,0.36045000000000005,0.35115
Q,T,-0.20375000000000001,-0.28775,0.20375000000000001,0.28775
Q,V,-0.5403,-0.57575,0.5403,0.57575
Q,W,-0.38885000000000003,-0.1531499999999999,0.38885000000000003,0.1531499999999999
Q,Y,-0.42689999999999995,-0.2447999999999999,0.42689999999999995,0.2447999999999999
R,S,-0.20975,0.030200000000000005,0.20975,0.030200000000000005
R,T,-0.059350000000000014,0.023700000000000054,0.059350000000000014,0.023700000000000054
R,V,-0.38449999999999995,-0.1966,0.38449999999999995,0.1966
R,W,-0.6954,-0.39869999999999994,0.6954,0.39869999999999994
R,Y,-0.40969999999999995,-0.1632,0.40969999999999995,0.1632
S,T,-0.04290000000000001,-0.06369999999999999,0.04290000000000001,0.06369999999999999
S,V,-0.2513500000000001,-0.4353,0.2513500000000001,0.4353
S,W,-0.352,-0.32495000000000007,0.352,0.32495000000000007
S,Y,-0.351,-0.4274,0.351,0.4274
T,V,-0.15499999999999997,-0.2634,0.15499999999999997,0.2634
T,W,-0.12239999999999995,-0.04690000000000005,0.12239999999999995,0.04690000000000005
T,Y,-0.3073,-0.1846000000000001,0.3073,0.1846000000000001
V,W,0.05615000000000003,0.03479999999999994,0.05615000000000003,0.03479999999999994
V,Y,0.09239999999999993,0.09689999999999999,0.09239999999999993,0.09689999999999999
W,Y,0.13119999999999998,0.10819999999999996,0.13119999999999998,0.10819999999999996
