uniprot,gene,stratum,pdb,chain,method,resolution_A
O00230,CORT,peptide,7S8L,A,EM,2.45
O43681,GET3,membrane-complex,8CQZ,A,X-ray,2.8
O75348,ATP6V1G1,membrane-complex,6WLZ,K,EM,2.9
O75947,ATP5PD,membrane-complex,8H9S,M,EM,2.53
O75964,ATP5MG,membrane-complex,8H9S,S,EM,2.53
O95721,SNAP29,membrane-complex,4WY4,C,X-ray,1.4
P01185,AVP,peptide,7DW9,C,EM,2.6
P01189,POMC,peptide,4XNH,F,X-ray,2.1
P01215,CGA,peptide,9YXD,A,X-ray,2.29
P01222,TSHB,peptide,7UTZ,B,EM,2.4
P01225,FSHB,peptide,9YXD,B,X-ray,2.29
P01275,GCG,peptide,6PHI,A,X-ray,1.1
P01286,GHRH,peptide,5BQM,B,X-ray,3.1
P01298,PPY,peptide,7X9C,P,EM,3.0
P01350,GAST,peptide,5WRJ,F,X-ray,2.31
P04899,GNAI2,membrane-complex,8ZBW,A,EM,2.58
P05305,EDN1,peptide,1T7H,A,X-ray,1.13
P06307,CCK,peptide,7MBX,P,EM,1.95
P06576,ATP5F1B,membrane-complex,8H9E,D,EM,2.53
P07492,GRP,peptide,7W3Z,L,EM,3.0
P08754,GNAI3,membrane-complex,2ODE,A,X-ray,1.9
P09471,GNAO1,membrane-complex,6FUF,B,X-ray,3.12
P09681,GIP,peptide,2QKH,B,X-ray,1.9
P10145,CXCL8,peptide,4XDX,A,X-ray,0.95
P18509,ADCYAP1,peptide,8E3X,P,EM,2.3
P18859,ATP5PF,membrane-complex,8H9S,L,EM,2.53
P21281,ATP6V1B2,membrane-complex,6WLZ,D,EM,2.9
P21283,ATP6V1C1,membrane-complex,6WM2,O,EM,3.1
P21912,SDHB,membrane-complex,9KC4,B,EM,2.65
P22466,GAL,peptide,7WQ4,L,EM,2.6
P24539,ATP5PB,membrane-complex,8H9S,K,EM,2.53
P25705,ATP5F1A,membrane-complex,8H9E,A,EM,2.53
P30049,ATP5F1D,membrane-complex,8H9S,H,EM,2.53
P31040,SDHA,membrane-complex,8DYE,A,X-ray,1.44
P35318,ADM,peptide,4RWF,B,X-ray,1.76
P36542,ATP5F1C,membrane-complex,8H9E,G,EM,2.53
P36543,ATP6V1E1,membrane-complex,6WLZ,H,EM,2.9
P38405,GNAL,membrane-complex,9LE0,A,EM,2.54
P38606,ATP6V1A,membrane-complex,6WLZ,A,EM,2.9
P48047,ATP5PO,membrane-complex,8H9E,O,EM,2.53
P48061,CXCL12,peptide,3GV3,A,X-ray,1.6
P50148,GNAQ,membrane-complex,9M1H,B,EM,2.55
P55089,UCN,peptide,3N96,E,X-ray,2.75
P56381,ATP5F1E,membrane-complex,8H9S,I,EM,2.53
P56385,ATP5ME,membrane-complex,8H9S,T,EM,2.53
P59768,GNG2,membrane-complex,8QEH,G,X-ray,1.43
P61421,ATP6V0D1,membrane-complex,6WLW,Q,EM,3.0
P61586,RHOA,membrane-complex,6V6U,A,X-ray,1.16
P62072,TIMM10,membrane-complex,2BSK,B,X-ray,3.3
P62873,GNB1,membrane-complex,8QEH,B,X-ray,1.43
P63096,GNAI1,membrane-complex,6CRK,A,X-ray,2.0
P78556,CCL20,peptide,7T1E,A,X-ray,1.46
Q13303,KCNAB2,membrane-complex,1ZSX,A,X-ray,1.9
Q14344,GNA13,membrane-complex,8IKL,A,EM,2.33
Q16864,ATP6V1F,membrane-complex,6WLZ,N,EM,2.9
Q53H12,AGK,membrane-complex,7CGP,B,EM,3.7
Q5JWF2,GNAS,membrane-complex,9BKK,A,EM,2.51
Q96A98,PTH2,peptide,7F16,P,EM,2.8
Q9H1J5,WNT8A,peptide,7KC4,D,EM,3.19
Q9UHF0,TAC3,peptide,8JBG,A,EM,2.8
Q9UI12,ATP6V1H,membrane-complex,6WM2,P,EM,3.1
Q9UII2,ATP5IF1,membrane-complex,8H9E,J,EM,2.53
Q9Y3B6,EMC9,membrane-complex,6Y4L,B,X-ray,2.2
Q9Y5J7,TIMM9,membrane-complex,2BSK,A,X-ray,3.3
Q9Y5K8,ATP6V1D,membrane-complex,6WLZ,G,EM,2.9
Q9Y5Q6,INSL5,peptide,7YJ4,A,EM,3.19
