acc,stratum,length,usable,source,measured
O00230,free_peptide,105,1334,pfam:PF03002:all,fixed
P01185,free_peptide,164,50,pfam:PF00184:sp,fixed
P01189,free_peptide,267,1548,pfam:PF00976:all,fixed
P01215,free_peptide,116,879,pfam:PF00236:all,fixed
P01222,free_peptide,138,91,uniref50,fixed
P01225,free_peptide,129,238,uniref50,pre-fix
P01275,free_peptide,180,360,uniref50,pre-fix
P01286,free_peptide,108,89,uniref50,pre-fix
P01298,free_peptide,95,70,uniref50,pre-fix
P01350,free_peptide,101,1464,pfam:PF00918:all,fixed
P05305,free_peptide,212,62,uniref50,pre-fix
P06307,free_peptide,115,87,uniref50,pre-fix
P07492,free_peptide,148,1131,pfam:PF02044:all,fixed
P09681,free_peptide,153,99,uniref50,pre-fix
P10145,free_peptide,99,188,pfam:PF00048:sp,fixed
P18509,free_peptide,176,50,pfam:PF00123:sp,fixed
P22466,free_peptide,123,910,pfam:PF01296:all,fixed
P35318,free_peptide,185,52,uniref50,pre-fix
P48061,free_peptide,93,63,uniref50,pre-fix
P55089,free_peptide,124,97,uniref50,fixed
P78556,free_peptide,96,188,pfam:PF00048:sp,fixed
Q96A98,free_peptide,100,282,pfam:PF14980:all,fixed
Q9H1J5,free_peptide,351,734,uniref50,fixed
Q9UHF0,free_peptide,121,395,pfam:PF03823:all,fixed
Q9Y5Q6,free_peptide,135,185,pfam:PF00049:sp,fixed
O43681,memb_complex,348,131,uniref50,pre-fix
O75348,memb_complex,118,4599,pfam:PF03179:all,fixed
O75947,memb_complex,161,239,uniref50,pre-fix
O75964,memb_complex,103,333,uniref50,pre-fix
O95721,memb_complex,258,54,uniref50,pre-fix
P04899,memb_complex,355,371,uniref50,pre-fix
P06576,memb_complex,529,1433,uniref50,pre-fix
P08754,memb_complex,354,443,uniref50,fixed
P09471,memb_complex,354,379,uniref50,pre-fix
P18859,memb_complex,108,359,uniref50,pre-fix
P21281,memb_complex,511,100,uniref50,pre-fix
P21283,memb_complex,382,332,uniref50,pre-fix
P21912,memb_complex,280,622,uniref50,pre-fix
P24539,memb_complex,256,81,uniref50,pre-fix
P25705,memb_complex,553,718,uniref50,pre-fix
P30049,memb_complex,168,103,uniref50,pre-fix
P31040,memb_complex,664,177,uniref50,pre-fix
P36542,memb_complex,298,339,uniref50,pre-fix
P36543,memb_complex,226,475,uniref50,fixed
P38405,memb_complex,381,192,uniref50,fixed
P38606,memb_complex,617,257,uniref50,pre-fix
P48047,memb_complex,213,635,uniref50,pre-fix
P50148,memb_complex,359,187,pfam:PF00503:sp,fixed
P56381,memb_complex,51,57,uniref50,pre-fix
P56385,memb_complex,69,256,uniref50,pre-fix
P59768,memb_complex,71,6368,pfam:PF00631:all,fixed
P61421,memb_complex,351,151,uniref50,pre-fix
P61586,memb_complex,193,797,pfam:PF00071:sp,fixed
P62072,memb_complex,90,107,pfam:PF02953:sp,fixed
P62873,memb_complex,340,892,uniref50,pre-fix
P63096,memb_complex,354,56,uniref50,pre-fix
Q13303,memb_complex,367,70,uniref50,pre-fix
Q14344,memb_complex,377,187,pfam:PF00503:sp,fixed
Q16864,memb_complex,119,60,pfam:PF01990:sp,fixed
Q53H12,memb_complex,422,259,uniref50,pre-fix
Q5JWF2,memb_complex,1037,162,uniref50,fixed
Q9UI12,memb_complex,483,564,uniref50,pre-fix
Q9UII2,memb_complex,106,2785,pfam:PF04568:all,fixed
Q9Y3B6,memb_complex,208,53,uniref50,pre-fix
Q9Y5J7,memb_complex,89,107,pfam:PF02953:sp,fixed
Q9Y5K8,memb_complex,247,59,uniref50,pre-fix
