Entry	Gene Names (primary)	Length	PDB
O75964	ATP5MG	103	8H9F;8H9J;8H9M;8H9Q;8H9S;8H9T;8H9U;8H9V;8KHF;8KI3;
P01185	AVP	164	7BB6;7BB7;7DW9;7KH0;7R0C;
P01275	GCG	180	1BH0;1D0R;1NAU;2G49;2L63;2L64;2M5P;2M5Q;3IOL;4APD;4ZGM;5OTU;5OTV;5OTW;5OTX;5VAI;5YQZ;6EDS;6LMK;6LML;6NZN;6PHI;6PHJ;6PHK;6PHL;6PHO;6PHP;6VCB;6X18;7D68;7DUQ;7KI0;7KI1;7XM8;8ANJ;8ANK;8JRV;9E2A;9IVG;9N0E;9X20;9X22;
P30049	ATP5F1D	168	8H9F;8H9J;8H9M;8H9Q;8H9S;8H9T;8H9U;8H9V;8KHF;8KI3;
P31040	SDHA	664	6VAX;8DYD;8DYE;8GS8;9KC4;
P56381	ATP5F1E	51	8H9F;8H9J;8H9M;8H9Q;8H9S;8H9T;8H9U;8H9V;8KHF;8KI3;
P56385	ATP5ME	69	8H9F;8H9J;8H9M;8H9Q;8H9S;8H9T;8H9U;8H9V;8KHF;8KI3;
P63096	GNAI1	354	1KJY;1Y3A;20YC;22EM;22ES;2G83;2GTP;2IK8;2OM2;2XNS;3ONW;3QE0;3QI2;3UMR;3UMS;4G5Q;5JS7;5JS8;5TDH;6CMO;6CRK;6DDE;6DDF;6KPF;6KPG;6LFM;6LFO;6LML;6N4B;6OMM;6OS9;6OSA;6OT0;6PB0;6PB1;6PT0;6QNO;6VU8;6XBJ;6XBK;6XBL;6XBM;7CMU;7CMV;7DB6;7DFL;7DW9;7E2X;7E2Y;7E2Z;7E32;7E33;7E9G;7EB2;7EJX;7EO2;7EO4;7EUO;7EVY;7EVZ;7EW0;7EW1;7EW2;7EW3;7EW4;7EW7;7EXD;7EZH;7EZK;7EZM;7F1Q;7F1R;7F1S;7F4D;7F4F;7F4H;7F4I;7JHJ;7JVR;7L0P;7L0Q;7L0R;7L0S;7MBY;7MTS;7NA7;7NA8;7O7F;7P00;7P02;7RKM;7RKN;7RKX;7RKY;7S8M;7S8O;7SBF;7SCG;7SQO;7T2G;7T2H;7T6B;7T6S;7T6T;7T6U;7T6V;7TRK;7TRP;7TRQ;7TRS;7TUZ;7U2K;7U2L;7V68;7V69;7V6A;7V9L;7VAB;7VDH;7VDL;7VDM;7VFX;7VGX;7VGY;7VGZ;7VH0;7VIE;7VIF;7VIG;7VIH;7VKT;7VL8;7VL9;7VLA;7VUG;7VUY;7VUZ;7VV3;7VV5;7W0L;7W0M;7W0N;7W0O;7W0P;7W53;7W55;7W56;7W57;7WF7;7WIC;7WIG;7WJ5;7WKD;7WQ3;7WU4;7WU5;7WU9;7WUI;7WUJ;7WVU;7WYB;7WZ4;7X2V;7X5H;7X9A;7X9B;7X9C;7X9Y;7XA3;7XAT;7XAU;7XAV;7XBW;7XBX;7XK2;7XK8;7XMR;7XMS;7XMT;7XTA;7XXH;7Y12;7Y15;7Y1F;7Y64;7Y65;7Y66;7Y67;7Y89;7YAC;7YAE;7YDJ;7YDM;7YDP;7YFC;7YFD;7YKD;7YON;7YOO;7YU3;7YU5;7YU6;7YU7;7YU8;8DZP;8EF5;8EF6;8EFB;8EFL;8EFO;8EFQ;8F7Q;8F7R;8F7S;8F7W;8F7X;8FEG;8FY8;8FYE;8FYL;8FYT;8FYX;8G05;8G59;8G94;8GAG;8GCM;8GCP;8GDC;8GHV;8GUQ;8GUR;8GUS;8GUT;8H0P;8H0Q;8H2G;8H4I;8H4K;8H4L;8HBD;8HK2;8HK3;8HK5;8HN8;8HNK;8HNL;8HNM;8HOC;8HQE;8HQM;8HQN;8HS3;8HSC;8HVI;8I7V;8I7W;8I9A;8IA8;8IC0;8ID3;8ID4;8ID6;8ID8;8ID9;8IHB;8IHF;8IHH;8IHI;8IHJ;8IJ3;8IJA;8IJB;8IJD;8IKG;8IKH;8INR;8IOC;8IOD;8IRS;8IRT;8IRV;8IU2;8IW1;8IW4;8IW7;8IW9;8IY5;8IZ4;8J18;8J19;8J1A;8J20;8J21;8J22;8J23;8J24;8J6I;8J6J;8J6L;8J6P;8J6Q;8J6R;8JD3;8JD5;8JEF;8JEI;8JGB;8JGG;8JHY;8JII;8JIL;8JIM;8JIP;8JIR;8JIS;8JJP;8JLJ;8JLK;8JLN;8JLP;8JLQ;8JLR;8JPN;8JR9;8JSO;8JSP;8JT6;8JXT;8JXV;8JXW;8JXX;8JZ7;8K2X;8K3Z;8K4N;8K4O;8K4P;8KFX;8KFY;8KFZ;8P12;8P13;8P15;8PJK;8PKM;8SAI;8SG1;8U1U;8U4N;8U4O;8U4P;8U4Q;8UGY;8UH3;8UTD;8UUJ;8VVE;8VVF;8VVG;8VY7;8W87;8W8B;8W8R;8WC3;8WC4;8WC5;8WC6;8WC7;8WC8;8WC9;8WCA;8WCB;8WG8;8WOG;8WP1;8WRB;8WSS;8WW2;8WWH;8WWI;8WWJ;8WWK;8WWL;8WWM;8WWN;8X3L;8XBE;8XBH;8XGM;8XGU;8XML;8XOG;8XOH;8XOI;8XOJ;8XOR;8XOS;8XQE;8XQF;8XQN;8XQO;8XQS;8XQT;8XWP;8XWQ;8XXU;8XXV;8XYD;8XZF;8XZG;8XZH;8XZI;8XZJ;8Y01;8Y02;8Y62;8Y63;8Y6W;8Y71;8Y72;8Y73;8YH0;8YH2;8YIC;8YKV;8YKW;8YKX;8YN5;8YN6;8YN9;8YNA;8YUT;8YUU;8YUV;8YWF;8YYW;8YYX;8Z7J;8Z87;8Z8A;8Z8B;8Z9P;8ZBE;8ZBI;8ZBJ;8ZCJ;8ZJD;8ZJE;8ZJG;8ZQE;8ZWG;9ASB;9AST;9AVG;9AXF;9AYF;9B54;9B65;9BKJ;9BQJ;9BUY;9CGJ;9CGK;9CM7;9D61;9DYF;9EBH;9EGO;9EJC;9EPP;9EPQ;9EPR;9ERX;9HYI;9IJ9;9IK8;9IK9;9IPV;9IQT;9IVG;9IVM;9IYB;9IZA;9IZC;9IZD;9IZF;9J0B;9J0F;9J0I;9J1P;9J8Z;9JED;9JEQ;9JFY;9JH3;9JHJ;9JIC;9JID;9JKS;9JKT;9JKV;9JKX;9JKY;9JLC;9JR0;9K1C;9K1D;9K26;9K3F;9K3H;9K3K;9K3L;9K3P;9KFT;9KO2;9KO4;9KPE;9KPF;9KT6;9KT7;9KT8;9KT9;9KVG;9KVH;9KVI;9L3W;9L3Y;9L42;9L60;9LL7;9LL8;9LL9;9LLA;9LLB;9LR1;9LR2;9LR3;9LRD;9LRE;9M0R;9M1H;9M1O;9M2F;9MB9;9NS9;9O36;9ODE;9ODF;9ODG;9ODH;9ODI;9ODJ;9ODK;9ODL;9ODM;9ODN;9ODO;9ODP;9P0L;9P0M;9P7Z;9P80;9P81;9P82;9P83;9P84;9P85;9PPW;9PPX;9PPY;9PPZ;9PQ0;9PXV;9PXW;9PXX;9PXY;9PY2;9PY3;9PY4;9UPU;9UPV;9V6O;9VI9;9VIF;9VNY;9VNZ;9VO0;9VO1;9W0P;9W0Q;9W0R;9W0S;9W0T;9W0U;9W0W;9W49;9W6W;9X20;9YDU;9YDV;
Q16864	ATP6V1F	119	6WLZ;6WM2;6WM3;6WM4;7U4T;7UNF;9CF8;9CFC;
Q9Y5Q6	INSL5	135	2K1V;2KBC;7YJ4;
O00230	CORT	105	7S8L;7S8M;7VDL;7VV4;8X8L;
O43681	GET3	348	6SO5;8CQZ;8CR1;8CR2;
O75348	ATP6V1G1	118	6WLZ;6WM2;6WM3;6WM4;7U4T;7UNF;9CF8;9CFC;
P05305	EDN1	212	1EDN;1EDP;1T7H;1V6R;5GLH;6DK5;8HCQ;8HCX;8IY5;8IY6;8XGR;8XVE;8XVH;8XVI;8XWP;8XWQ;8ZRT;
P06576	ATP5F1B	529	8H9E;8H9I;8H9L;8H9P;8H9S;8H9T;8H9U;8H9V;8KI3;
P10145	CXCL8	99	1ICW;1IKL;1IKM;1IL8;1ILP;1ILQ;1QE6;1ROD;2IL8;3IL8;4XDX;5D14;5WDZ;6LFM;6LFO;6N2U;6WZM;6XMN;8IC0;8XWN;8XX6;8YNF;
P21281	ATP6V1B2	511	6WLZ;6WM2;6WM3;6WM4;7U4T;7UNF;9CF8;9CFC;
P22466	GAL	123	7S3O;7S3Q;7S3R;7WQ3;7WQ4;7XBD;7XJJ;7XJK;8DHZ;8DJ4;
P36542	ATP5F1C	298	8H9E;8H9F;8H9I;8H9J;8H9L;8H9M;8H9P;8H9Q;8H9S;8H9T;8H9U;8H9V;8KHF;8KI3;
P55089	UCN	124	2RMF;3N96;6PB0;6PB1;7TRY;7TS0;
Q13303	KCNAB2	367	1ZSX;7EJ1;7EJ2;7WF3;7WF4;
Q9UI12	ATP6V1H	483	6WM2;6WM3;6WM4;7FDA;7FDB;7FDC;7U4T;7UNF;
O75947	ATP5PD	161	8H9F;8H9G;8H9J;8H9K;8H9M;8H9N;8H9Q;8H9R;8H9S;8H9T;8H9U;8H9V;8KHF;8KI3;
P01189	POMC	267	4XNH;4XPD;4Y49;6TUB;7F53;7F54;7PIV;8F7Q;8INR;8IOC;8W8W;8W8X;8W8Y;
P01225	FSHB	129	1FL7;1XWD;4AY9;4MQW;8I2G;9YXD;
P01286	GHRH	108	5BQM;7CZ5;7V9M;
P06307	CCK	115	7EZH;7EZK;7EZM;7MBX;7MBY;7XOU;8IA7;9BKJ;9BKK;
P09471	GNAO1	354	21AG;6FUF;6G79;6K41;6OIK;6WWZ;7D76;7D77;7EJ0;7EJ8;7EJA;7EJK;7QVM;7T8X;7T90;7T94;7T96;7W2Z;7W6P;7W7E;7XJJ;7Y24;8DZQ;8E9X;8FN1;8HPT;8HQC;8I95;8I97;8I9L;8I9S;8IA2;8IEC;8IED;8IY9;8IYH;8IYW;8J6D;8JER;8JHN;8JZP;8JZZ;8TZQ;8U02;8XWV;8XX3;8XX6;8XX7;8XXH;8XXR;8XXX;8XXZ;8XYK;8Y0N;8YN7;8YN8;9BSB;9DYD;9DYE;9F33;9F34;9K20;9KUG;9KUT;9KV6;9KV8;9KVP;9KWG;9KWX;9KX6;9KXS;9KZ2;9KZ8;9KZK;9L0H;9PLO;9UMJ;9UMR;9UMX;9VJ5;9VJE;9VMY;9VNF;
P18509	ADCYAP1	176	1GEA;2D2P;2JOD;6LPB;6M1I;6P9Y;6VN7;7VQX;7WBJ;8E3X;8E3Y;9P94;
P24539	ATP5PB	256	8H9F;8H9G;8H9J;8H9K;8H9M;8H9N;8H9Q;8H9R;8H9S;8H9T;8H9U;8H9V;8KHF;8KI3;
P38405	GNAL	381	8EL8;8IW1;8KGK;8KH4;9LDV;9LDW;9LDX;9LE0;9LE1;9LE2;
P48047	ATP5PO	213	8H9E;8H9I;8H9L;8H9P;8H9S;8H9T;8H9U;8H9V;8KI3;
P59768	GNG2	71	20YC;21AG;21DU;4KFM;5HE0;5HE1;5HE2;5HE3;5UKK;5UKL;5UKM;5UZ7;6B3J;6CRK;6D9H;6DDE;6DDF;6E3Y;6EG8;6G79;6GDG;6K41;6K42;6KPF;6KPG;6LFM;6LFO;6LI3;6LMK;6LML;6M1H;6M1I;6M8S;6N4B;6NI3;6NIY;6OIJ;6OIK;6OMM;6ORV;6OS9;6OSA;6OT0;6P9X;6P9Y;6PB0;6PB1;6PT0;6UUN;6UUS;6UVA;6VCB;6VMS;6VN7;6WHA;6WHC;6WI9;6WPW;6WWZ;6WZG;6X18;6X19;6X1A;6XBJ;6XBK;6XBL;6XBM;6XOX;7AUE;7BB6;7BB7;7C2E;7CFM;7CFN;7CKW;7CKX;7CKY;7CKZ;7CMU;7CMV;7CRH;7CX2;7CX3;7CX4;7D76;7D77;7D7M;7DFL;7E14;7E2X;7E2Y;7E2Z;7E32;7E33;7E9G;7E9H;7EB2;7EJ0;7EJ8;7EJA;7EJK;7EJX;7EO2;7EO4;7EPT;7EUO;7EVY;7EVZ;7EW0;7EW1;7EW2;7EW3;7EW4;7EW7;7EXD;7EZH;7EZK;7EZM;7F0T;7F1O;7F1Q;7F1R;7F1S;7F1Z;7F23;7F24;7F4D;7F4F;7F4H;7F4I;7F53;7F54;7F55;7F58;7F6G;7F6H;7F6I;7F8V;7F8W;7F9Y;7F9Z;7JHJ;7JOZ;7JV5;7JVP;7JVQ;7JVR;7K7L;7K7Z;7KH0;7KI0;7KI1;7L1U;7L1V;7LCI;7LD3;7LD4;7LLL;7LLY;7MBX;7MBY;7MTS;7NA7;7NA8;7P00;7P02;7QVM;7RA3;7RAN;7RBT;7RG9;7RGP;7RKF;7RKM;7RKN;7RKX;7RKY;7RMG;7RMH;7RMI;7RTB;7RYC;7S1M;7S3I;7S8L;7S8M;7S8N;7S8O;7S8P;7SBF;7SCG;7SF7;7SF8;7SR8;7SRR;7T10;7T11;7T2G;7T2H;7T6B;7T8X;7T90;7T94;7T96;7T9I;7T9N;7TMW;7TRK;7TRP;7TRQ;7TRS;7TUZ;7TYF;7TYH;7TYI;7TYL;7TYN;7TYO;7TYW;7TYX;7TYY;7TZF;7U2K;7U2L;7UM5;7UM6;7UM7;7UTZ;7V68;7V69;7V6A;7VDH;7VDL;7VDM;7VFX;7VGX;7VIE;7VIF;7VIG;7VIH;7VKT;7VL8;7VL9;7VLA;7VUG;7VUH;7VUI;7VUJ;7VUY;7VUZ;7VV3;7VV5;7W0L;7W0M;7W0N;7W0O;7W0P;7W2Z;7W3Z;7W40;7W53;7W55;7W56;7W57;7W6P;7W7E;7WCM;7WCN;7WF7;7WJ5;7WKD;7WU2;7WU3;7WU4;7WU5;7WU9;7WUI;7WUJ;7WUQ;7WV9;7WVU;7WVV;7WVW;7WVX;7WVY;7WXU;7WXW;7WY0;7WY5;7WY8;7WYB;7WZ4;7WZ7;7X10;7X2C;7X2D;7X2F;7X2V;7X5H;7X8R;7X8S;7X9A;7X9B;7X9C;7X9Y;7XA3;7XBD;7XBW;7XBX;7XJJ;7XJK;7XJL;7XK2;7XK8;7XKD;7XKE;7XKF;7XMR;7XMS;7XMT;7XOU;7XOV;7XOW;7XP4;7XP5;7XP6;7XT8;7XT9;7XTA;7XTB;7XTC;7XTQ;7XV3;7XW5;7XW6;7XXH;7XXI;7XY6;7XY7;7XZ5;7XZ6;7Y1F;7Y24;7Y26;7Y27;7Y3G;7Y64;7Y65;7Y66;7Y67;7Y89;7YAC;7YAE;7YDH;7YDJ;7YDM;7YDP;7YFC;7YFD;7YKD;7YON;7YOO;7YP7;7YS6;8DDW;8DDX;8DPF;8DPG;8DPH;8DPI;8DWC;8DWG;8DWH;8DZP;8DZQ;8DZR;8DZS;8E3X;8E3Y;8E3Z;8E9W;8E9X;8E9Y;8E9Z;8EFL;8EIT;8EJC;8EJK;8EMW;8EMX;8F0J;8F0K;8F2A;8F2B;8F76;8FEG;8FLQ;8FLR;8FLS;8FLT;8FLU;8FMZ;8FN0;8FN1;8FU6;8FX5;8FY8;8FYE;8FYL;8FYT;8FYX;8G05;8G2Y;8G59;8G94;8GAG;8GCM;8GCP;8GD9;8GDA;8GDB;8GDC;8GDZ;8GE1;8GE2;8GE3;8GE4;8GE5;8GE6;8GE7;8GE8;8GE9;8GEA;8GEB;8GEC;8GED;8GEE;8GEF;8GEG;8GEH;8GEI;8GEJ;8GFV;8GFW;8GFX;8GFY;8GFZ;8GG0;8GG1;8GG2;8GG3;8GG4;8GG5;8GG6;8GG7;8GG8;8GG9;8GGA;8GGB;8GGC;8GGE;8GGF;8GHV;8GUQ;8GUR;8GUS;8GUT;8GY7;8H0P;8H0Q;8H2G;8H4I;8H4K;8H4L;8H8J;8HBD;8HCQ;8HCX;8HDO;8HDP;8HIX;8HJ0;8HJ1;8HJ2;8HJ5;8HMP;8HMV;8HN8;8HNK;8HNL;8HNM;8HOC;8HPT;8HQC;8HQE;8HQM;8HQN;8HS3;8HSC;8HTI;8HVI;8I2G;8I7V;8I7W;8I95;8I97;8I9A;8I9L;8I9S;8IA2;8IA7;8IA8;8IBU;8IBV;8IC0;8ID3;8ID4;8ID6;8ID8;8ID9;8IEC;8IED;8IJ3;8IJA;8IJB;8IJD;8IKG;8IKH;8IKL;8IQ4;8IQ6;8IRR;8IRS;8IRT;8IRU;8IRV;8ITF;8IUK;8IUL;8IUM;8IW1;8IW4;8IW7;8IW9;8IY9;8IYH;8IYS;8IYW;8IZ4;8IZB;8J18;8J19;8J1A;8J20;8J21;8J22;8J23;8J24;8J6D;8J6I;8J6J;8J6L;8J6P;8J6Q;8J6R;8J9N;8JD3;8JD5;8JD6;8JEF;8JEI;8JER;8JGB;8JGF;8JGG;8JHB;8JHI;8JHN;8JHY;8JII;8JIL;8JIM;8JJP;8JKB;8JLJ;8JLK;8JLN;8JLO;8JLP;8JLQ;8JLR;8JLZ;8JPN;8JPP;8JR9;8JSP;8JSR;8JT6;8JXT;8JXV;8JXW;8JXX;8JZ7;8JZP;8JZZ;8K2X;8K3Z;8K4N;8K4O;8K4P;8K4S;8K6M;8K6N;8K6O;8K8J;8K9K;8K9L;8KFX;8KFY;8KFZ;8KGG;8KGK;8KH4;8KH5;8PJK;8PKM;8PM2;8POK;8QEG;8QEH;8QJ2;8RQL;8S2T;8SAI;8SG1;8SL3;8SMV;8SZG;8SZH;8SZI;8T3O;8T3Q;8T3S;8T3V;8TB0;8THK;8THL;8TYW;8TZQ;8U02;8U1U;8U26;8U4N;8U4O;8U4P;8U4Q;8U7Z;8U81;8U82;8U83;8U84;8U8F;8UGY;8UH3;8UHB;8UNL;8UNM;8UNN;8UNO;8UNP;8UNQ;8UNR;8UNS;8UNT;8UNU;8UNV;8UNW;8UNX;8UNY;8UNZ;8UO0;8UO1;8UO2;8UO3;8UO4;8UQO;8UTD;8UUJ;8UWL;8UXV;8UXY;8UY0;8UYQ;8V6U;8VHF;8VVE;8VVF;8VVG;8VY7;8VY9;8W87;8W88;8W89;8W8A;8W8B;8W8Q;8W8R;8WC3;8WC4;8WC5;8WC6;8WC7;8WC8;8WC9;8WCA;8WCB;8WGB;8WJX;8WOG;8WP1;8WPU;8WRB;8WSS;8WST;8WW2;8WWH;8WWI;8WWJ;8WWK;8WWL;8WWM;8WWN;8X2K;8X3L;8X79;8X7A;8X8L;8X8N;8XGM;8XGO;8XGS;8XGU;8XIO;8XIP;8XIQ;8XIR;8XJK;8XJL;8XJM;8XJN;8XJO;8XML;8XOF;8XOG;8XOH;8XOI;8XOJ;8XQE;8XQF;8XQL;8XQN;8XQO;8XQP;8XQR;8XQS;8XQT;8XVE;8XVH;8XVI;8XWP;8XWQ;8XWV;8XX3;8XX6;8XX7;8XXH;8XXR;8XXU;8XXV;8XXX;8XXZ;8XYD;8XYK;8XZF;8XZG;8XZH;8XZI;8XZJ;8Y0N;8Y45;8Y51;8Y52;8Y53;8Y62;8Y63;8Y6W;8YFO;8YG4;8YH0;8YH2;8YH3;8YH5;8YH6;8YIC;8YKY;8YN2;8YN3;8YN4;8YN5;8YN6;8YN7;8YN8;8YN9;8YNA;8YRG;8YUT;8YUU;8YUV;8YW3;8YW4;8YW5;8YWF;8YY8;8YYW;8YYX;8Z3M;8Z3Q;8Z3Y;8Z5H;8Z65;8Z68;8Z7J;8Z87;8Z8A;8Z8B;8ZBI;8ZBJ;8ZBW;8ZCE;8ZCF;8ZD1;8ZF6;8ZF9;8ZFA;8ZFC;8ZFZ;8ZH8;8ZJD;8ZJE;8ZJG;8ZMD;8ZME;8ZPS;8ZPT;8ZQE;8ZR5;8ZRK;8ZSJ;8ZSP;8ZSS;8ZSV;8ZVZ;8ZW0;8ZX4;8ZX5;9ARY;9AS0;9AS2;9AS4;9AS6;9AS8;9ASA;9ASB;9AST;9AU0;9AUC;9AVG;9AVL;9AXF;9AYF;9B54;9B5Y;9B65;9BI6;9BIP;9BKJ;9BKK;9BLB;9BLC;9BLW;9BP3;9BQ3;9BQJ;9BSB;9BTW;9BUB;9BUC;9BUD;9BUE;9BUY;9BYO;9C0K;9CGJ;9CGK;9CLW;9CM3;9CM7;9D0A;9D4Z;9D61;9DQH;9DQJ;9DYD;9DYE;9DYF;9E2A;9E51;9E7R;9E9S;9EBH;9EBI;9EBN;9EBO;9EBQ;9EE8;9EE9;9EEA;9EGO;9EJC;9EJZ;9EK0;9EPP;9EPQ;9ERX;9EW2;9F33;9F34;9GE2;9GE3;9GG5;9GGG;9GL2;9GYO;9HYI;9I52;9I54;9IIX;9IJ9;9IK8;9IK9;9IPV;9IQT;9ITB;9ITE;9IV1;9IV2;9IV6;9IVG;9IVM;9IXJ;9IXX;9IY8;9IYB;9IZA;9IZC;9IZD;9J0B;9J0F;9J0I;9J31;9J5V;9J87;9J8Z;9JCL;9JCO;9JCP;9JCQ;9JED;9JFK;9JFT;9JFV;9JFW;9JFX;9JFY;9JFZ;9JH3;9JH5;9JH6;9JHJ;9JHP;9JIC;9JID;9JKQ;9JKS;9JKT;9JKV;9JKX;9JKY;9JLC;9JMC;9JMD;9JR0;9JVG;9K0K;9K0X;9K1C;9K1D;9K20;9K25;9K26;9K27;9K6L;9KFI;9KFJ;9KFT;9KO4;9KPD;9KPE;9KPF;9KT6;9KT7;9KT8;9KT9;9KUG;9KUT;9KV6;9KV8;9KVG;9KVH;9KVI;9KVP;9KWG;9KWX;9KX6;9KXS;9KZ2;9KZ8;9KZK;9L0H;9L3W;9L3Y;9L42;9L74;9LDV;9LDW;9LDX;9LDZ;9LE0;9LE1;9LE2;9LGM;9LL7;9LL8;9LL9;9LLA;9LLB;9LLE;9LLF;9LLH;9LLJ;9LR1;9LR2;9LR3;9LRS;9LW5;9LWC;9LYB;9LYC;9M0J;9M1H;9M42;9M8V;9MB9;9MD1;9MXU;9MZE;9MZF;9MZG;9N04;9N05;9N09;9N0E;9N1P;9N1Q;9N2I;9NOX;9NS9;9O36;9O38;9ODE;9ODF;9ODG;9ODH;9ODI;9ODJ;9ODK;9ODL;9ODM;9ODN;9ODO;9ODP;9P0L;9P0M;9P7Z;9P80;9P81;9P82;9P83;9P84;9P85;9P86;9P87;9P88;9P89;9P8A;9P92;9P93;9P94;9PLO;9PPW;9PPX;9PPY;9PPZ;9PQ0;9PXV;9PXW;9PXX;9PXY;9PY2;9PY3;9PY4;9QXL;9U4W;9U4Y;9U9V;9UAM;9UAN;9UK2;9UMJ;9UMR;9UMX;9UPU;9UPV;9UY3;9V0U;9V0X;9V1H;9V2N;9V6O;9V81;9VI9;9VIF;9VJ5;9VJ6;9VJE;9VJF;9VJG;9VMN;9VMO;9VMP;9VMY;9VNF;9VNY;9VNZ;9VO0;9VO1;9VO2;9W0P;9W0Q;9W0R;9W0S;9W0T;9W0U;9W0W;9W49;9W6W;9WEY;9WP9;9WPM;9WST;9WSW;9WXM;9X20;9X22;9X3Z;9XHH;9XHI;9XQC;9XXT;9YDA;9YDP;9YDQ;9YDR;9YDU;9YDV;
P62873	GNB1	340	20YC;21AG;21DU;4KFM;4PNK;5HE0;5HE1;5HE2;5HE3;5UKK;5UKL;5UKM;5UZ7;6B3J;6CRK;6D9H;6DDE;6DDF;6E3Y;6EG8;6G79;6GDG;6KPF;6KPG;6LFM;6LFO;6LI3;6LMK;6LML;6M1H;6M1I;6M8S;6N4B;6NI3;6NIY;6OIJ;6OIK;6OMM;6ORV;6OS9;6OSA;6OT0;6P9X;6P9Y;6PB0;6PB1;6PT0;6UUN;6UUS;6UVA;6VCB;6VMS;6VN7;6WHA;6WHC;6WI9;6WPW;6WZG;6X18;6X19;6X1A;6XBJ;6XBK;6XBL;6XBM;6XOX;7AUE;7BB6;7BB7;7C2E;7CFM;7CFN;7CKW;7CKX;7CKY;7CKZ;7CMU;7CMV;7CRH;7CX2;7CX3;7CX4;7D76;7D77;7D7M;7DB6;7DFL;7E2X;7E2Y;7E2Z;7E32;7E33;7E9G;7E9H;7EB2;7EJ0;7EJ8;7EJA;7EJK;7EJX;7EO2;7EO4;7EPT;7EUO;7EVY;7EVZ;7EW0;7EW1;7EW2;7EW3;7EW4;7EW7;7EXD;7EZH;7EZK;7EZM;7F0T;7F1O;7F1Q;7F1R;7F1S;7F1Z;7F23;7F24;7F4D;7F4F;7F4H;7F4I;7F53;7F54;7F55;7F58;7F6G;7F6H;7F6I;7F8V;7F8W;7F9Y;7F9Z;7JHJ;7JOZ;7JV5;7JVP;7JVQ;7JVR;7K7L;7K7Z;7KH0;7KI0;7KI1;7L0P;7L0Q;7L0R;7L0S;7L1U;7L1V;7LCI;7LD3;7LD4;7LLL;7LLY;7MTS;7NA7;7NA8;7P00;7P02;7QVM;7RA3;7RAN;7RBT;7RG9;7RGP;7RKF;7RKM;7RKN;7RKX;7RKY;7RMG;7RMH;7RMI;7RTB;7RYC;7S1M;7S3I;7S8L;7S8M;7S8N;7S8O;7S8P;7SBF;7SCG;7SF7;7SF8;7SR8;7SRR;7T10;7T11;7T2G;7T2H;7T6B;7T8X;7T90;7T94;7T96;7T9I;7T9N;7TMW;7TRK;7TRP;7TRQ;7TRS;7TUZ;7TYF;7TYH;7TYI;7TYL;7TYN;7TYO;7TYW;7TYX;7TYY;7TZF;7U2K;7U2L;7UM5;7UM6;7UM7;7UTZ;7V68;7V69;7V6A;7VDH;7VDL;7VDM;7VFX;7VGX;7VIE;7VIF;7VIG;7VIH;7VKT;7VL8;7VL9;7VLA;7VUG;7VUH;7VUI;7VUJ;7VUY;7VUZ;7VV3;7VV5;7W0L;7W0M;7W0N;7W0O;7W0P;7W2Z;7W3Z;7W40;7W53;7W55;7W56;7W57;7W6P;7W7E;7WCM;7WCN;7WF7;7WJ5;7WKD;7WU2;7WU3;7WU4;7WU5;7WU9;7WUI;7WUJ;7WUQ;7WV9;7WVU;7WVV;7WVW;7WVX;7WVY;7WXU;7WXW;7WY0;7WY5;7WY8;7WYB;7WZ4;7WZ7;7X10;7X2C;7X2D;7X2F;7X2V;7X5H;7X9A;7X9B;7X9C;7X9Y;7XA3;7XBD;7XBW;7XBX;7XJJ;7XJK;7XJL;7XK2;7XK8;7XKD;7XKE;7XKF;7XMR;7XMS;7XMT;7XOU;7XOV;7XOW;7XP4;7XP5;7XP6;7XT8;7XT9;7XTA;7XTB;7XTC;7XTQ;7XV3;7XW5;7XW6;7XXH;7XXI;7XY6;7XY7;7XZ5;7XZ6;7Y1F;7Y24;7Y26;7Y27;7Y3G;7Y64;7Y65;7Y66;7Y67;7Y89;7YAC;7YAE;7YDH;7YDJ;7YDM;7YDP;7YFC;7YFD;7YK6;7YK7;7YKD;7YON;7YOO;7YP7;7YS6;8DDW;8DDX;8DPF;8DPG;8DPH;8DPI;8DWC;8DWG;8DWH;8DZP;8DZQ;8DZR;8DZS;8E3X;8E3Y;8E3Z;8E9W;8E9X;8E9Y;8E9Z;8EIT;8EJC;8EJK;8EMW;8EMX;8F0J;8F0K;8F2A;8F2B;8F76;8FEG;8FLQ;8FLR;8FLS;8FLT;8FLU;8FMZ;8FN0;8FN1;8FU6;8FX5;8FY8;8FYE;8FYL;8FYT;8FYX;8G05;8G2Y;8G59;8G94;8GAG;8GCM;8GCP;8GD9;8GDA;8GDB;8GDC;8GDZ;8GE1;8GE2;8GE3;8GE4;8GE5;8GE6;8GE7;8GE8;8GE9;8GEA;8GEB;8GEC;8GED;8GEE;8GEF;8GEG;8GEH;8GEI;8GEJ;8GFV;8GFW;8GFX;8GFY;8GFZ;8GG0;8GG1;8GG2;8GG3;8GG4;8GG5;8GG6;8GG7;8GG8;8GG9;8GGA;8GGB;8GGC;8GGE;8GGF;8GHV;8GUQ;8GUR;8GUS;8GUT;8GY7;8H0P;8H0Q;8H2G;8H4I;8H4K;8H4L;8H8J;8HBD;8HCQ;8HCX;8HDO;8HDP;8HIX;8HJ0;8HJ1;8HJ2;8HJ5;8HMP;8HMV;8HN8;8HNK;8HNL;8HNM;8HOC;8HPT;8HQC;8HQE;8HQM;8HQN;8HS3;8HSC;8HTI;8HVI;8I2G;8I7V;8I7W;8I95;8I97;8I9A;8I9L;8I9S;8IA2;8IA7;8IA8;8IBU;8IBV;8IC0;8ID3;8ID4;8ID6;8ID8;8ID9;8IEC;8IED;8IJ3;8IJA;8IJB;8IJD;8IKG;8IKH;8IKL;8INR;8IOC;8IOD;8IQ4;8IQ6;8IRR;8IRS;8IRT;8IRU;8IRV;8ITF;8IU2;8IUK;8IUL;8IUM;8IW1;8IW4;8IW7;8IW9;8IY9;8IYH;8IYS;8IYW;8IZ4;8IZB;8J18;8J19;8J1A;8J20;8J21;8J22;8J23;8J24;8J6D;8J6I;8J6J;8J6L;8J6P;8J6Q;8J6R;8J9N;8JD3;8JD5;8JD6;8JEF;8JEI;8JER;8JGB;8JGF;8JGG;8JHB;8JHI;8JHN;8JHY;8JII;8JIL;8JIM;8JJP;8JKB;8JLJ;8JLK;8JLN;8JLO;8JLP;8JLQ;8JLR;8JLZ;8JPN;8JPP;8JR9;8JSO;8JSP;8JSR;8JT6;8JXT;8JXV;8JXW;8JXX;8JZ7;8JZP;8JZZ;8K2X;8K3Z;8K4N;8K4O;8K4P;8K4S;8K6M;8K6N;8K6O;8K8J;8K9K;8K9L;8KFX;8KFY;8KFZ;8KGG;8KGK;8KH4;8KH5;8PJK;8PKM;8PM2;8POK;8QEG;8QEH;8QJ2;8RQL;8S2T;8SAI;8SG1;8SL3;8SMV;8SZG;8SZH;8SZI;8T3O;8T3Q;8T3S;8T3V;8TB0;8THK;8THL;8TYW;8TZQ;8U02;8U1U;8U26;8U4N;8U4O;8U4P;8U4Q;8U7Z;8U81;8U82;8U83;8U84;8U8F;8UGY;8UH3;8UHB;8UNL;8UNM;8UNN;8UNO;8UNP;8UNQ;8UNR;8UNS;8UNT;8UNU;8UNV;8UNW;8UNX;8UNY;8UNZ;8UO0;8UO1;8UO2;8UO3;8UO4;8UQO;8UTD;8UUJ;8UWL;8UXV;8UXY;8UY0;8UYQ;8V6U;8VHF;8VVE;8VVF;8VVG;8VY7;8VY9;8W87;8W88;8W89;8W8A;8W8B;8W8Q;8W8R;8WC3;8WC4;8WC5;8WC6;8WC7;8WC8;8WC9;8WCA;8WCB;8WGB;8WJX;8WOG;8WP1;8WPU;8WRB;8WSS;8WST;8WW2;8WWH;8WWI;8WWJ;8WWK;8WWL;8WWM;8WWN;8X2K;8X3L;8X79;8X7A;8X8L;8X8N;8XGM;8XGO;8XGS;8XGU;8XIO;8XIP;8XIQ;8XIR;8XJK;8XJL;8XJM;8XJN;8XJO;8XML;8XOF;8XOG;8XOH;8XOI;8XOJ;8XQE;8XQF;8XQL;8XQN;8XQO;8XQP;8XQR;8XQS;8XQT;8XVE;8XVH;8XVI;8XWP;8XWQ;8XWV;8XX3;8XX6;8XX7;8XXH;8XXR;8XXU;8XXV;8XXX;8XXZ;8XYD;8XYK;8XZF;8XZG;8XZH;8XZI;8XZJ;8Y01;8Y02;8Y0N;8Y45;8Y51;8Y52;8Y53;8Y62;8Y63;8Y6W;8YFO;8YG4;8YIC;8YKY;8YN2;8YN3;8YN4;8YN5;8YN6;8YN7;8YN8;8YN9;8YNA;8YRG;8YUT;8YUU;8YUV;8YW3;8YW4;8YW5;8YWF;8YY8;8YYW;8YYX;8Z3M;8Z3Q;8Z3Y;8Z5H;8Z65;8Z68;8Z7J;8Z87;8Z8A;8Z8B;8ZBI;8ZBJ;8ZBW;8ZCE;8ZCF;8ZD1;8ZF6;8ZF9;8ZFA;8ZFC;8ZFZ;8ZJD;8ZJE;8ZJG;8ZMD;8ZME;8ZPS;8ZPT;8ZQE;8ZR5;8ZRK;8ZSJ;8ZSP;8ZSS;8ZSV;8ZVZ;8ZW0;8ZX4;8ZX5;9ARY;9AS0;9AS2;9AS4;9AS6;9AS8;9ASA;9ASB;9AST;9AU0;9AUC;9AVG;9AXF;9AYF;9B54;9B5Y;9B65;9BHL;9BHM;9BI6;9BIP;9BKJ;9BKK;9BLB;9BLC;9BLW;9BP3;9BQ3;9BQJ;9BSB;9BTW;9BUB;9BUC;9BUD;9BUE;9BUY;9BYO;9C0K;9CGJ;9CGK;9CLW;9CM3;9CM7;9D0A;9D4Z;9D61;9DQH;9DQJ;9DYD;9DYE;9DYF;9E2A;9E51;9E7R;9E9S;9EBH;9EBI;9EBN;9EBO;9EBQ;9ECJ;9EE8;9EE9;9EEA;9EGO;9EJC;9EPP;9EPQ;9ERX;9EW2;9GE2;9GE3;9GG5;9GGG;9GL2;9GYO;9HYI;9I52;9I54;9IIX;9IJ9;9IK8;9IK9;9IPV;9IQT;9ITB;9ITE;9IV1;9IV2;9IV6;9IVG;9IVM;9IXJ;9IXX;9IY8;9IYB;9IZA;9IZC;9IZD;9IZF;9IZG;9IZH;9J0B;9J0F;9J0I;9J31;9J87;9J8Z;9JCL;9JCO;9JCP;9JCQ;9JED;9JEQ;9JFK;9JFT;9JFV;9JFW;9JFX;9JFY;9JFZ;9JH3;9JH5;9JH6;9JHJ;9JHP;9JIC;9JID;9JKQ;9JKS;9JKT;9JKV;9JKX;9JKY;9JLC;9JMC;9JMD;9JR0;9JVG;9K0K;9K0X;9K1C;9K1D;9K20;9K25;9K26;9K27;9K3F;9K3H;9K3K;9K3L;9K3P;9K6L;9KFI;9KFJ;9KFK;9KFT;9KO2;9KO4;9KPD;9KPE;9KPF;9KT6;9KT7;9KT8;9KT9;9KUG;9KUT;9KV6;9KV8;9KVG;9KVH;9KVI;9KVP;9KWG;9KWX;9KX6;9KXS;9KZ2;9KZ8;9KZK;9L0H;9L3W;9L3Y;9L42;9L74;9LDV;9LDW;9LDX;9LDZ;9LE0;9LE1;9LE2;9LGM;9LKB;9LL7;9LL8;9LL9;9LLA;9LLB;9LLE;9LLF;9LLH;9LLJ;9LR1;9LR2;9LR3;9LRS;9LW5;9LWC;9LYB;9LYC;9M0J;9M1H;9M42;9M55;9M57;9M8V;9MB9;9MD1;9MXU;9MZE;9MZF;9N05;9N09;9N0E;9N1P;9N1Q;9N2I;9NOX;9NS9;9O36;9O38;9ODE;9ODF;9ODG;9ODH;9ODI;9ODJ;9ODK;9ODL;9ODM;9ODN;9ODO;9ODP;9P0L;9P0M;9P7Z;9P80;9P81;9P82;9P83;9P84;9P85;9P86;9P87;9P88;9P89;9P8A;9P92;9P93;9P94;9PLO;9PPW;9PPX;9PPY;9PPZ;9PQ0;9PXV;9PXW;9PXX;9PXY;9PY2;9PY3;9PY4;9QXL;9U4W;9U4Y;9U9V;9UAM;9UAN;9UK2;9UMJ;9UMR;9UMX;9UPU;9UPV;9UY3;9V0U;9V0X;9V1H;9V2N;9V6O;9V81;9VI9;9VIF;9VJ5;9VJ6;9VJE;9VJF;9VJG;9VMN;9VMO;9VMP;9VMY;9VNF;9VNY;9VNZ;9VO0;9VO1;9VO2;9W0P;9W0Q;9W0R;9W0S;9W0T;9W0U;9W0W;9W49;9W6W;9WEY;9WP9;9WPM;9WST;9WSW;9WXM;9X20;9X22;9X3Z;9XHH;9XHI;9XQC;9XXT;9YDA;9YDP;9YDQ;9YDR;9YDU;9YDV;
Q9Y5J7	TIMM9	89	2BSK;7CGP;
P01222	TSHB	138	7T9I;7UTZ;7XW5;
P09681	GIP	153	1T5Q;2B4N;2L70;2L71;2OBU;2QKH;7DTY;7RA3;
P18859	ATP5PF	108	8H9G;8H9K;8H9N;8H9R;8H9S;8H9T;8H9U;8H9V;8KI3;
P21283	ATP6V1C1	382	6WM2;6WM3;6WM4;7U4T;7UNF;
P25705	ATP5F1A	553	8H9E;8H9I;8H9L;8H9P;8H9S;8H9T;8H9U;8H9V;8KI3;
P50148	GNAQ	359	6VU5;7DFL;7EZM;7F6G;7F6H;7F6I;7F8W;7W3Z;7W40;7XOW;8G59;8IA7;8IYS;8J9N;8JPB;8JPC;8JPE;8SZG;8THK;8THL;8UQN;8UQO;8XGO;8XGS;8Y51;8Y52;8YYW;8YYX;8ZJD;8ZJE;9D0A;9K27;9LL9;9LLA;9LLB;9M1H;
P61421	ATP6V0D1	351	6WLW;6WM2;6WM3;6WM4;7U4T;7UNF;9CF8;9CFC;9DET;
P78556	CCL20	96	1M8A;2HCI;2JYO;5UR7;6WWZ;7T1E;
Q9UHF0	TAC3	121	1P9F;8JBG;
O95721	SNAP29	258	4WY4;7BV6;
P01215	CGA	116	1DZ7;1E9J;1FL7;1HCN;1HD4;1HRP;1QFW;1XWD;4AY9;4MQW;7FIG;7FIH;7FII;7T9I;7UTZ;7XW5;8I2G;9YXD;
P01350	GAST	101	5WRJ;7F8V;7F8W;7XOW;
P08754	GNAI3	354	2IHB;2ODE;2V4Z;4G5O;4G5R;4G5S;7E9H;7KH0;7RA3;7RGP;7T10;7T11;7X6I;8GVX;8GY7;8JD6;8K9L;8OY1;8SZH;8SZI;8WGB;8YK0;9AVL;9VJ6;9VJF;9WXM;
P21912	SDHB	280	7KCL;7KCM;7KLU;7KLV;8GS8;9KC4;
P35318	ADM	185	2FLY;2L7S;4RWF;5V6Y;6UUN;6UUS;6V2E;7VV0;
P61586	RHOA	193	1A2B;1CC0;1CXZ;1DPF;1FTN;1KMQ;1LB1;1OW3;1S1C;1TX4;1X86;1XCG;2RGN;3KZ1;3LW8;3LWN;3LXR;3MSX;3T06;4D0N;4XH9;4XOI;4XSG;4XSH;5A0F;5BWM;5C2K;5C4M;5EZ6;5FR1;5FR2;5HPY;5IRC;5JCP;5JHG;5JHH;5M6X;5M70;5ZHX;6BC0;6BCA;6BCB;6KX2;6KX3;6R3V;6V6M;6V6U;6V6V;7G80;7G81;7G82;7G83;7G84;7G85;7G86;7G87;7G88;7G89;7G8A;7G8B;7G8C;7G8D;7G8E;7G8F;7G8G;7G8H;7G8I;7G8J;7G8K;7G8L;7G8M;7G8N;7G8O;7G8P;7G8Q;7G8R;7G8S;7G8T;7G8U;7G8V;7G8W;7G8X;7G8Y;7G8Z;7G90;7G91;7G92;7G93;7G94;7G95;7G96;7G97;7G98;7G99;7G9A;7G9B;7G9C;7G9D;7G9E;7G9F;7G9G;7G9H;7G9I;7G9J;7QSC;7QTM;7WZA;7WZC;8BNT;8FC7;8FC9;8FCB;8FPW;8FPX;8GI3;8GI6;8JVJ;8T1C;8ZNY;8ZO0;9AX5;9IQX;9IQY;9J0G;9N4A;9N4B;9N4C;9VNG;9VNH;9VNI;
P62072	TIMM10	90	2BSK;7CGP;
Q14344	GNA13	377	7SF7;7SF8;7T6B;7YDH;8H8J;8IKL;8KGG;8ZX4;8ZX5;9E51;9ECJ;9GE2;9GE3;9IY8;9IZH;9JHP;9V0U;
Q9Y5K8	ATP6V1D	247	6WLZ;6WM2;6WM3;6WM4;7U4T;7UNF;9CF8;9CFC;
P07492	GRP	148	2N0B;2N0C;2N0D;2N0E;2N0F;2N0G;2N0H;7W3Z;8H0Q;
Q5JWF2	GNAS	1037	8GY7;8I2G;8JHB;8JHI;8WW2;8ZH8;9BKK;9DQJ;9J1P;
Q53H12	AGK	422	7CGP;
Q9H1J5	WNT8A	351	7KC4;
P36543	ATP6V1E1	226	6WLZ;6WM2;6WM3;6WM4;7U4T;7UNF;9CF8;9CFC;
P04899	GNAI2	355	6D9H;7F8V;7LD3;7LD4;7RYC;7WV9;7WVV;7WVW;7WVX;7WVY;7XXI;7YJ4;7YK6;7YK7;8K6M;8K6N;8K6O;8KGG;8THK;8THL;8W89;8W8A;8WPU;8Y45;8ZBW;8ZH8;8ZSJ;8ZSP;8ZSS;8ZSV;9DQJ;9K07;9K6L;9KFI;9KFJ;9KFK;9LWP;
P01298	PPY	95	1TZ4;1TZ5;7X9C;
P38606	ATP6V1A	617	6WLZ;6WM2;6WM3;6WM4;7U4T;7UNF;9CF8;9CFC;
P48061	CXCL12	93	1A15;1QG7;1SDF;1VMC;2J7Z;2K01;2K03;2K04;2K05;2KEC;2KED;2KEE;2KOL;2N55;2NWG;2SDF;3GV3;3HP3;4LMQ;4UAI;6SHR;7SK3;7SK4;7SK5;7SK6;7SK7;7SK8;8K3Z;8U4O;9E82;9ME1;9MEU;9UPU;9UPV;
Q9UII2	ATP5IF1	106	8H9E;8H9L;8H9S;8H9U;8KI3;
Q9Y3B6	EMC9	208	6Y4L;6Z3W;
Q96A98	PTH2	100	7F16;
