acc,class,length,delta
O00230,free_peptide,105,-0.011578154425612053
O43681,memb_complex,348,0.2220534759358288
O75348,memb_complex,118,0.15620993086109358
O75947,memb_complex,161,0.09820998278829607
O75964,memb_complex,103,0.38163579030350814
O95721,memb_complex,258,0.005981649069884298
P01185,free_peptide,164,0.14508095238095242
P01189,free_peptide,267,-0.06422508911899505
P01215,free_peptide,116,0.07670901391409557
P01222,free_peptide,138,0.1277054794520549
P01225,free_peptide,129,0.17166015624999997
P01275,free_peptide,180,0.09687564901349943
P01286,free_peptide,108,0.025574229691876837
P01298,free_peptide,95,-0.12984149184149185
P01350,free_peptide,101,-0.10218787635487758
P04899,memb_complex,355,0.27648244598765426
P05305,free_peptide,212,0.030636960087479403
P06307,free_peptide,115,-0.08227734976887524
P06576,memb_complex,529,0.18771578947368428
P07492,free_peptide,148,0.09509070714550161
P08754,memb_complex,354,0.27223704663212445
P09471,memb_complex,354,0.2180265195509099
P09681,free_peptide,153,-0.06934338184338185
P10145,free_peptide,99,0.28004612159329145
P18509,free_peptide,176,-0.17888421052631576
P18859,memb_complex,108,0.19593596059113305
P21281,memb_complex,511,0.2626006268430885
P21283,memb_complex,382,0.33957768306857816
P21912,memb_complex,280,0.23780148041533877
P22466,free_peptide,123,0.0781673414304993
P24539,memb_complex,256,0.08539630769230766
P25705,memb_complex,553,0.23823946632916737
P30049,memb_complex,168,0.07790447761194019
P31040,memb_complex,664,0.1963470760927044
P35318,free_peptide,185,-0.10766666666666669
P36542,memb_complex,298,0.16186994823358458
P36543,memb_complex,226,0.12419097720388961
P38405,memb_complex,381,0.24507310924369752
P38606,memb_complex,617,0.3115186267579628
P48047,memb_complex,213,0.26726495726495725
P48061,free_peptide,93,0.1781190476190475
P50148,memb_complex,359,0.2470784741316645
P55089,free_peptide,124,-0.06995169082125607
P56381,memb_complex,51,0.3450974025974025
P56385,memb_complex,69,0.20401909722222222
P59768,memb_complex,71,0.10875511875511878
P61421,memb_complex,351,0.24639607843137257
P61586,memb_complex,193,0.23925925925925928
P62072,memb_complex,90,0.13066836734693887
P62873,memb_complex,340,0.2965735969920624
P63096,memb_complex,354,0.23867794970986456
P78556,free_peptide,96,0.1918823000898473
Q13303,memb_complex,367,0.31204928315412195
Q14344,memb_complex,377,0.25225205729092504
Q16864,memb_complex,119,0.35336206896551725
Q53H12,memb_complex,422,0.3363602509704793
Q5JWF2,memb_complex,1037,-0.1494947372378017
Q96A98,free_peptide,100,-0.05501743679163029
Q9H1J5,free_peptide,351,0.16044871166846275
Q9UHF0,free_peptide,121,0.07142500000000007
Q9UI12,memb_complex,483,0.32997148091814155
Q9UII2,memb_complex,106,-0.017291356184798823
Q9Y3B6,memb_complex,208,0.1537862950058071
Q9Y5J7,memb_complex,89,0.11981452040275564
Q9Y5K8,memb_complex,247,0.2783095682302772
Q9Y5Q6,free_peptide,135,0.12327744243237193
