Entry	Gene Names (primary)	Protein names	Length	Transmembrane	Subcellular location [CC]
O75964	ATP5MG	ATP synthase F(0) complex subunit g, mitochondrial (ATPase subunit g) (ATP synthase membrane subunit g)	103		SUBCELLULAR LOCATION: Mitochondrion. Mitochondrion inner membrane.
P01185	AVP	Vasopressin-neurophysin 2-copeptin (AVP-NPII) [Cleaved into: Arg-vasopressin (Arginine-vasopressin); Neurophysin 2 (Neurophysin-II); Copeptin]	164		SUBCELLULAR LOCATION: Cytoplasmic vesicle, secretory vesicle {ECO:0000250|UniProtKB:P01186}. Note=The precursor protein is packaged into neurosecretory granules. {ECO:0000250|UniProtKB:P01186}.; SUBCELLULAR LOCATION: [Arg-vasopressin]: Secreted {ECO:0000269|PubMed:33713620}. Cytoplasmic vesicle, secretory vesicle {ECO:0000250|UniProtKB:P01186}. Note=Following processing, Arg-vasopressin and neurophysin 2 are transported to the posterior pituitary and stored in neurosecretory granules at the nerve termini until secreted. {ECO:0000250|UniProtKB:P01186}.; SUBCELLULAR LOCATION: [Neurophysin 2]: Secreted {ECO:0000250|UniProtKB:P01186}. Cytoplasmic vesicle, secretory vesicle {ECO:0000250|UniProtKB:P01186}. Note=Following processing, Arg-vasopressin and neurophysin 2 are transported to the posterior pituitary and stored in neurosecretory granules at the nerve termini until secreted. {ECO:0000250|UniProtKB:P01186}.
P01275	GCG	Pro-glucagon [Cleaved into: Glicentin; Glicentin-related polypeptide (GRPP); Oxyntomodulin (OXM) (OXY); Glucagon; Glucagon-like peptide 1 (GLP-1) (Incretin hormone); Glucagon-like peptide 1(7-37) (GLP-1(7-37)); Glucagon-like peptide 1(7-36) (GLP-1(7-36)); Glucagon-like peptide 2 (GLP-2)]	180		SUBCELLULAR LOCATION: Secreted {ECO:0000305}.; SUBCELLULAR LOCATION: [Glucagon-like peptide 1]: Secreted {ECO:0000269|PubMed:22037645, ECO:0000269|PubMed:40446798}.
P30049	ATP5F1D	ATP synthase F(1) complex subunit delta, mitochondrial (ATP synthase F1 subunit delta) (F-ATPase delta subunit)	168		SUBCELLULAR LOCATION: Mitochondrion. Mitochondrion inner membrane.
P31040	SDHA	Succinate dehydrogenase [ubiquinone] flavoprotein subunit, mitochondrial (EC 1.3.5.1) (Flavoprotein subunit of complex II) (Fp) (Malate dehydrogenase [quinone] flavoprotein subunit) (EC 1.1.5.-)	664		SUBCELLULAR LOCATION: Mitochondrion inner membrane {ECO:0000269|PubMed:37098072}; Peripheral membrane protein {ECO:0000269|PubMed:37098072}; Matrix side {ECO:0000269|PubMed:37098072}.
P56381	ATP5F1E	ATP synthase F(1) complex subunit epsilon, mitochondrial (ATPase subunit epsilon) (ATP synthase F1 subunit epsilon)	51		SUBCELLULAR LOCATION: Mitochondrion. Mitochondrion inner membrane.
P56385	ATP5ME	ATP synthase F(0) complex subunit e, mitochondrial (ATPase subunit e) (ATP synthase membrane subunit e) [Cleaved into: ATP synthase F(0) complex subunit e, mitochondrial, N-terminally processed]	69		SUBCELLULAR LOCATION: Mitochondrion. Mitochondrion inner membrane.
P63096	GNAI1	Guanine nucleotide-binding protein G(i) subunit alpha-1 (EC 3.6.5.-) (Adenylate cyclase-inhibiting G alpha protein)	354		SUBCELLULAR LOCATION: Cell membrane {ECO:0000269|PubMed:12135370, ECO:0000269|PubMed:17635935, ECO:0000269|PubMed:26766442}; Peripheral membrane protein {ECO:0000305|PubMed:12135370}; Cytoplasmic side {ECO:0000305|PubMed:12135370}. Nucleus {ECO:0000250|UniProtKB:P10824}. Cytoplasm {ECO:0000269|PubMed:17635935}. Cytoplasm, cytoskeleton, microtubule organizing center, centrosome {ECO:0000269|PubMed:17635935}. Cytoplasm, cell cortex {ECO:0000269|PubMed:22327364}. Note=Associated to the plasma membrane via lipid-anchor (PubMed:20213681). Localizes in the centrosomes of interphase and mitotic cells, but not in centrosomes during cytokinesis. Detected at the cleavage furrow or the midbody (PubMed:17635935). Localized at the plasma membrane throughout mitosis (PubMed:17635935). {ECO:0000269|PubMed:17635935, ECO:0000269|PubMed:20213681}.
Q16864	ATP6V1F	V-type proton ATPase subunit F (V-ATPase subunit F) (V-ATPase 14 kDa subunit) (Vacuolar proton pump subunit F)	119		SUBCELLULAR LOCATION: Cytoplasmic vesicle, secretory vesicle, synaptic vesicle membrane {ECO:0000250|UniProtKB:P50408}; Peripheral membrane protein {ECO:0000305}. Cytoplasmic vesicle, clathrin-coated vesicle membrane {ECO:0000250|UniProtKB:P50408}; Peripheral membrane protein {ECO:0000305}.
Q8N138	ORMDL3	ORM1-like protein 3	153	TRANSMEM 22..44; /note="Helical"; /evidence="ECO:0000269|PubMed:33558762, ECO:0007744|PDB:6M4N, ECO:0007744|PDB:6M4O, ECO:0007744|PDB:7CQI, ECO:0007744|PDB:7CQK"; TRANSMEM 45..63; /note="Helical"; /evidence="ECO:0000269|PubMed:33558762, ECO:0007744|PDB:6M4N, ECO:0007744|PDB:6M4O, ECO:0007744|PDB:7CQI, ECO:0007744|PDB:7CQK"; TRANSMEM 101..117; /note="Helical"; /evidence="ECO:0000269|PubMed:33558762, ECO:0007744|PDB:6M4N, ECO:0007744|PDB:6M4O, ECO:0007744|PDB:7CQI, ECO:0007744|PDB:7CQK"; TRANSMEM 122..139; /note="Helical"; /evidence="ECO:0000269|PubMed:33558762, ECO:0007744|PDB:6M4N, ECO:0007744|PDB:6M4O, ECO:0007744|PDB:7CQI, ECO:0007744|PDB:7CQK"	SUBCELLULAR LOCATION: Endoplasmic reticulum membrane {ECO:0000269|PubMed:12093374, ECO:0000269|PubMed:19819884}; Multi-pass membrane protein {ECO:0000269|PubMed:12093374, ECO:0000269|PubMed:19819884, ECO:0000269|PubMed:33558762}.
Q9Y5Q6	INSL5	Insulin-like peptide INSL5 (Insulin-like peptide 5) [Cleaved into: Insulin-like peptide INSL5 B chain; Insulin-like peptide INSL5 A chain]	135		SUBCELLULAR LOCATION: Secreted.
O00230	CORT	Cortistatin [Cleaved into: Cortistatin-29; Cortistatin-17; Cortistatin-14]	105		SUBCELLULAR LOCATION: Secreted {ECO:0000269|PubMed:9125122}.; SUBCELLULAR LOCATION: [Cortistatin-14]: Secreted {ECO:0000250|UniProtKB:Q62949}.
O43681	GET3	ATPase GET3 (EC 3.6.4.-) (Arsenical pump-driving ATPase) (Arsenite-stimulated ATPase) (Guided entry of tail-anchored proteins factor 3, ATPase) (Transmembrane domain recognition complex 40 kDa ATPase subunit) (hARSA-I) (hASNA-I)	348		SUBCELLULAR LOCATION: Cytoplasm {ECO:0000269|PubMed:17382883, ECO:0000269|PubMed:21444755, ECO:0000269|PubMed:9736449}. Endoplasmic reticulum {ECO:0000269|PubMed:17382883, ECO:0000269|PubMed:21444755, ECO:0000269|PubMed:31461301}. Nucleus, nucleolus {ECO:0000269|PubMed:21444755, ECO:0000269|PubMed:9736449}.
O60894	RAMP1	Receptor activity-modifying protein 1 (Calcitonin-receptor-like receptor activity-modifying protein 1) (CRLR activity-modifying protein 1)	148	TRANSMEM 119..140; /note="Helical"; /evidence="ECO:0000269|PubMed:33602864, ECO:0007744|PDB:7KNU"	SUBCELLULAR LOCATION: Cell membrane {ECO:0000269|PubMed:33602864}; Single-pass type I membrane protein {ECO:0000269|PubMed:33602864}.
O75348	ATP6V1G1	V-type proton ATPase subunit G 1 (V-ATPase subunit G 1) (V-ATPase 13 kDa subunit 1) (Vacuolar proton pump subunit G 1) (Vacuolar proton pump subunit M16)	118		SUBCELLULAR LOCATION: Apical cell membrane {ECO:0000269|PubMed:29993276}.
P05305	EDN1	Endothelin-1 (Preproendothelin-1) (PPET1) [Cleaved into: Endothelin-1 (ET-1); Big endothelin-1]	212		SUBCELLULAR LOCATION: Secreted.
P06576	ATP5F1B	ATP synthase F(1) complex subunit beta, mitochondrial (EC 7.1.2.2) (ATP synthase F1 subunit beta)	529		SUBCELLULAR LOCATION: Mitochondrion inner membrane {ECO:0000269|PubMed:25168243}; Peripheral membrane protein {ECO:0000250|UniProtKB:P00829}; Matrix side {ECO:0000250|UniProtKB:P00829, ECO:0000269|PubMed:25168243}.
P10145	CXCL8	Interleukin-8 (IL-8) (C-X-C motif chemokine 8) (Chemokine (C-X-C motif) ligand 8) (Emoctakin) (Granulocyte chemotactic protein 1) (GCP-1) (Monocyte-derived neutrophil chemotactic factor) (MDNCF) (Monocyte-derived neutrophil-activating peptide) (MONAP) (Neutrophil-activating protein 1) (NAP-1) (Protein 3-10C) (T-cell chemotactic factor) [Cleaved into: MDNCF-a (GCP/IL-8 protein IV) (IL8/NAP1 form I); Interleukin-8 ((Ala-IL-8)77) (GCP/IL-8 protein II) (IL-8(1-77)) (IL8/NAP1 form II) (MDNCF-b); IL-8(5-77); IL-8(6-77) ((Ser-IL-8)72) (GCP/IL-8 protein I) (IL8/NAP1 form III) (Lymphocyte-derived neutrophil-activating factor) (LYNAP) (MDNCF-c) (Neutrophil-activating factor) (NAF); IL-8(7-77) (GCP/IL-8 protein V) (IL8/NAP1 form IV); IL-8(8-77) (GCP/IL-8 protein VI) (IL8/NAP1 form V); IL-8(9-77) (GCP/IL-8 protein III) (IL8/NAP1 form VI)]	99		SUBCELLULAR LOCATION: Secreted.
P21281	ATP6V1B2	V-type proton ATPase subunit B, brain isoform (V-ATPase subunit B 2) (Endomembrane proton pump 58 kDa subunit) (HO57) (Vacuolar proton pump subunit B 2)	511		SUBCELLULAR LOCATION: Apical cell membrane {ECO:0000269|PubMed:29993276}. Melanosome {ECO:0000269|PubMed:12643545}. Cytoplasm {ECO:0000250|UniProtKB:P62814}. Cytoplasmic vesicle, secretory vesicle, synaptic vesicle membrane {ECO:0000250|UniProtKB:P62815}; Peripheral membrane protein {ECO:0000305}. Cytoplasmic vesicle, clathrin-coated vesicle membrane {ECO:0000250|UniProtKB:P62815}; Peripheral membrane protein {ECO:0000305}. Note=Identified by mass spectrometry in melanosome fractions from stage I to stage IV. {ECO:0000269|PubMed:12643545}.
P22466	GAL	Galanin peptides [Cleaved into: Galanin; Galanin message-associated peptide (GMAP)]	123		SUBCELLULAR LOCATION: Secreted {ECO:0000269|PubMed:1370155, ECO:0000269|PubMed:1722333}.
P36542	ATP5F1C	ATP synthase F(1) complex subunit gamma, mitochondrial (ATP synthase F1 subunit gamma) (F-ATPase gamma subunit)	298		SUBCELLULAR LOCATION: Mitochondrion inner membrane {ECO:0000250|UniProtKB:P05631}; Peripheral membrane protein {ECO:0000250|UniProtKB:P05631}; Matrix side {ECO:0000250|UniProtKB:P05631}.
P55089	UCN	Urocortin	124		SUBCELLULAR LOCATION: Secreted {ECO:0000250|UniProtKB:P55090}.
Q13303	KCNAB2	Voltage-gated potassium channel subunit beta-2 (EC 1.1.1.-) (K(+) channel subunit beta-2) (Kv-beta-2) (hKvbeta2)	367		SUBCELLULAR LOCATION: Cytoplasm {ECO:0000250|UniProtKB:P62483}. Membrane {ECO:0000269|PubMed:11086297, ECO:0000269|PubMed:21357749}; Peripheral membrane protein {ECO:0000305}; Cytoplasmic side {ECO:0000305}. Cell membrane {ECO:0000250|UniProtKB:P62483}; Peripheral membrane protein {ECO:0000305}; Cytoplasmic side {ECO:0000305}. Cell projection, axon {ECO:0000269|PubMed:11086297}. Synapse, synaptosome {ECO:0000269|PubMed:21357749}. Cytoplasm, cytoskeleton {ECO:0000250|UniProtKB:P62483}. Note=Recruited to the cytoplasmic side of the cell membrane via its interaction with pore-forming potassium channel alpha subunits. Associates with microtubules when unphosphorylated. {ECO:0000250|UniProtKB:P62483}.
Q9BYF1	ACE2	Angiotensin-converting enzyme 2 (EC 3.4.17.23) (Angiotensin-converting enzyme homolog) (ACEH) (Angiotensin-converting enzyme-related carboxypeptidase) (ACE-related carboxypeptidase) (EC 3.4.17.-) (Metalloprotease MPROT15) [Cleaved into: Processed angiotensin-converting enzyme 2]	805	TRANSMEM 741..761; /note="Helical"; /evidence="ECO:0000255|PROSITE-ProRule:PRU01354"	SUBCELLULAR LOCATION: [Processed angiotensin-converting enzyme 2]: Secreted {ECO:0000269|PubMed:15983030, ECO:0000269|PubMed:33713620}.; SUBCELLULAR LOCATION: Cell membrane {ECO:0000269|PubMed:18424768}; Single-pass type I membrane protein {ECO:0000255}. Cytoplasm {ECO:0000250|UniProtKB:Q8R0I0}. Cell projection, cilium {ECO:0000269|PubMed:33432184}. Apical cell membrane {ECO:0000269|PubMed:33432184}. Note=Detected in both cell membrane and cytoplasm in neurons. {ECO:0000250|UniProtKB:Q8R0I0}.; SUBCELLULAR LOCATION: [Isoform 2]: Apical cell membrane {ECO:0000269|PubMed:33432184}.
Q9UI12	ATP6V1H	V-type proton ATPase subunit H (V-ATPase subunit H) (Nef-binding protein 1) (NBP1) (Protein VMA13 homolog) (V-ATPase 50/57 kDa subunits) (Vacuolar proton pump subunit H) (Vacuolar proton pump subunit SFD)	483		SUBCELLULAR LOCATION: Cytoplasmic vesicle, clathrin-coated vesicle membrane {ECO:0000250|UniProtKB:O46563}; Peripheral membrane protein {ECO:0000305}.
O15342	ATP6V0E1	V-type proton ATPase subunit e 1 (V-ATPase subunit e 1) (V-ATPase 9.2 kDa membrane accessory protein) (V-ATPase M9.2 subunit) (Vacuolar proton pump subunit e 1)	81	TRANSMEM 8..28; /note="Helical"; /evidence="ECO:0000255"; TRANSMEM 36..56; /note="Helical"; /evidence="ECO:0000255"	SUBCELLULAR LOCATION: Membrane {ECO:0000255}; Multi-pass membrane protein {ECO:0000255}.
O75947	ATP5PD	ATP synthase peripheral stalk subunit d, mitochondrial (ATPase subunit d) (ATP synthase peripheral stalk subunit d)	161		SUBCELLULAR LOCATION: Mitochondrion. Mitochondrion inner membrane.
P01189	POMC	Pro-opiomelanocortin (POMC) (Corticotropin-lipotropin) [Cleaved into: NPP; Melanotropin gamma (Gamma-MSH); Potential peptide; Corticotropin (Adrenocorticotropic hormone) (ACTH); Melanocyte-stimulating hormone alpha (Alpha-MSH) (Melanotropin alpha); Corticotropin-like intermediary peptide (CLIP); Lipotropin beta (Beta-LPH); Lipotropin gamma (Gamma-LPH); Melanocyte-stimulating hormone beta (Beta-MSH) (Melanotropin beta); Beta-endorphin; Met-enkephalin]	267		SUBCELLULAR LOCATION: Secreted {ECO:0000250|UniProtKB:P01193}. Note=Melanocyte-stimulating hormone alpha and beta-endorphin are stored in separate granules in hypothalamic POMC neurons, suggesting that secretion may be under the control of different regulatory mechanisms. {ECO:0000250|UniProtKB:P01193}.
P01225	FSHB	Follitropin subunit beta (Follicle-stimulating hormone beta subunit) (FSH-B) (FSH-beta) (Follitropin beta chain)	129		SUBCELLULAR LOCATION: Secreted {ECO:0000269|PubMed:2494176}. Note=Efficient secretion requires dimerization with CGA. {ECO:0000269|PubMed:2494176}.
P01286	GHRH	Somatoliberin (Growth hormone-releasing factor) (GRF) (Growth hormone-releasing hormone) (GHRH) (Somatocrinin) (Somatorelin) (Sermorelin)	108		SUBCELLULAR LOCATION: Secreted.
P06307	CCK	Cholecystokinin (CCK) [Cleaved into: Cholecystokinin-58 (CCK58); Cholecystokinin-58 desnonopeptide ((1-49)-CCK58); Cholecystokinin-39 (CCK39); Cholecystokinin-33 (CCK33); Cholecystokinin-25 (CCK25); Cholecystokinin-18 (CCK18); Cholecystokinin-12 (CCK12); Cholecystokinin-8 (CCK8); Cholecystokinin-7 (CCK7); Cholecystokinin-5 (CCK5)]	115		SUBCELLULAR LOCATION: Secreted {ECO:0000269|PubMed:25326458, ECO:0000269|PubMed:37453717}.
P09471	GNAO1	Guanine nucleotide-binding protein G(o) subunit alpha (EC 3.6.5.-)	354		SUBCELLULAR LOCATION: Cell membrane {ECO:0000269|PubMed:34685729}; Peripheral membrane protein {ECO:0000269|PubMed:33408414}; Cytoplasmic side {ECO:0000269|PubMed:33408414}. Note=Associated to the plasma membrane via lipid-anchor. {ECO:0000269|PubMed:33408414}.
P18509	ADCYAP1	Pituitary adenylate cyclase-activating polypeptide (PACAP) [Cleaved into: PACAP-related peptide (PRP-48); Pituitary adenylate cyclase-activating polypeptide 27 (PACAP-27) (PACAP27); Pituitary adenylate cyclase-activating polypeptide 38 (PACAP-38) (PACAP38)]	176		SUBCELLULAR LOCATION: Secreted.
P24539	ATP5PB	ATP synthase peripheral stalk subunit b, mitochondrial (ATP synthase F(0) complex subunit B1, mitochondrial) (ATP synthase peripheral stalk-membrane subunit b) (ATP synthase proton-transporting mitochondrial F(0) complex subunit B1) (ATP synthase subunit b) (ATPase subunit b)	256		SUBCELLULAR LOCATION: Mitochondrion. Mitochondrion inner membrane.
P38405	GNAL	Guanine nucleotide-binding protein G(olf) subunit alpha (EC 3.6.5.-) (Adenylate cyclase-stimulating G alpha protein, olfactory type)	381		SUBCELLULAR LOCATION: Cell membrane {ECO:0000250|UniProtKB:Q8CGK7}; Peripheral membrane protein {ECO:0000250|UniProtKB:Q8CGK7}; Cytoplasmic side {ECO:0000250|UniProtKB:Q8CGK7}. Note=Associated to the plasma membrane via lipid-anchor. {ECO:0000250|UniProtKB:P04896}.
P48047	ATP5PO	ATP synthase peripheral stalk subunit OSCP, mitochondrial (ATP synthase subunit O) (Oligomycin sensitivity conferral protein) (OSCP)	213		SUBCELLULAR LOCATION: Mitochondrion {ECO:0000250}. Mitochondrion inner membrane {ECO:0000250}.
P59768	GNG2	Guanine nucleotide-binding protein G(I)/G(S)/G(O) subunit gamma-2 (G gamma-I)	71		SUBCELLULAR LOCATION: Cell membrane {ECO:0000305}; Lipid-anchor {ECO:0000305}; Cytoplasmic side {ECO:0000305}.
P62873	GNB1	Guanine nucleotide-binding protein G(I)/G(S)/G(T) subunit beta-1 (Transducin beta chain 1)	340		
Q15904	ATP6AP1	V-type proton ATPase subunit S1 (V-ATPase subunit S1) (Protein XAP-3) (V-ATPase Ac45 subunit) (V-ATPase S1 accessory protein) (Vacuolar proton pump subunit S1)	470	TRANSMEM 420..440; /note="Helical"; /evidence="ECO:0000255"	SUBCELLULAR LOCATION: Endoplasmic reticulum membrane {ECO:0000269|PubMed:27231034}; Single-pass type I membrane protein {ECO:0000305}. Endoplasmic reticulum-Golgi intermediate compartment membrane {ECO:0000269|PubMed:27231034}. Cytoplasmic vesicle, secretory vesicle, synaptic vesicle membrane {ECO:0000250|UniProtKB:O54715}; Single-pass type I membrane protein {ECO:0000305}. Cytoplasmic vesicle, clathrin-coated vesicle membrane {ECO:0000250|UniProtKB:O54715}; Single-pass type I membrane protein {ECO:0000305}. Note=Not detected in trans-Golgi network. {ECO:0000269|PubMed:27231034}.
Q9Y5J7	TIMM9	Mitochondrial import inner membrane translocase subunit Tim9	89		SUBCELLULAR LOCATION: Mitochondrion inner membrane {ECO:0000269|PubMed:11489896, ECO:0000269|PubMed:14726512}; Peripheral membrane protein {ECO:0000269|PubMed:11489896, ECO:0000269|PubMed:14726512}; Intermembrane side {ECO:0000269|PubMed:11489896, ECO:0000269|PubMed:14726512}.
P01222	TSHB	Thyrotropin subunit beta (Thyroid-stimulating hormone subunit beta) (TSH-B) (TSH-beta) (Thyrotropin beta chain) (Thyrotropin alfa)	138		SUBCELLULAR LOCATION: Secreted.
P09681	GIP	Gastric inhibitory polypeptide (GIP) (Glucose-dependent insulinotropic polypeptide) (Incretin hormone)	153		SUBCELLULAR LOCATION: Secreted.
P18859	ATP5PF	ATP synthase peripheral stalk subunit F6, mitochondrial (ATPase subunit F6) (ATP synthase peripheral stalk subunit F6)	108		SUBCELLULAR LOCATION: Mitochondrion. Mitochondrion inner membrane.
P21283	ATP6V1C1	V-type proton ATPase subunit C 1 (V-ATPase subunit C 1) (Vacuolar proton pump subunit C 1)	382		SUBCELLULAR LOCATION: Cytoplasmic vesicle, secretory vesicle, synaptic vesicle membrane {ECO:0000250|UniProtKB:Q5FVI6}; Peripheral membrane protein {ECO:0000305}. Cytoplasmic vesicle, clathrin-coated vesicle membrane {ECO:0000250|UniProtKB:Q5FVI6}; Peripheral membrane protein {ECO:0000305}.
P25705	ATP5F1A	ATP synthase F(1) complex subunit alpha, mitochondrial (ATP synthase F1 subunit alpha)	553		SUBCELLULAR LOCATION: Mitochondrion {ECO:0000269|PubMed:30146159}. Mitochondrion inner membrane {ECO:0000250|UniProtKB:P19483}; Peripheral membrane protein {ECO:0000250|UniProtKB:P19483}; Matrix side {ECO:0000250|UniProtKB:P19483}. Cell membrane {ECO:0000269|PubMed:10077593}; Peripheral membrane protein {ECO:0000269|PubMed:10077593}; Extracellular side {ECO:0000269|PubMed:10077593}. Note=Colocalizes with HRG on the cell surface of T-cells (PubMed:19285951). {ECO:0000269|PubMed:19285951}.
P50148	GNAQ	Guanine nucleotide-binding protein G(q) subunit alpha (EC 3.6.5.-) (Guanine nucleotide-binding protein alpha-q)	359		SUBCELLULAR LOCATION: Cell membrane {ECO:0000269|PubMed:12135370, ECO:0000269|PubMed:19001095}; Peripheral membrane protein {ECO:0000269|PubMed:19001095}; Cytoplasmic side {ECO:0000269|PubMed:19001095}. Golgi apparatus {ECO:0000269|PubMed:19001095}. Nucleus {ECO:0000250|UniProtKB:P21279}. Nucleus membrane {ECO:0000250|UniProtKB:P21279}. Note=Associated to the plasma membrane via lipid-anchor (PubMed:19001095). Colocalizes with the adrenergic receptors ADRA1A and ADRA1B at the nuclear membrane of cardiac myocytes (By similarity). {ECO:0000250|UniProtKB:P21279, ECO:0000269|PubMed:19001095}.
P61421	ATP6V0D1	V-type proton ATPase subunit d 1 (V-ATPase subunit d 1) (32 kDa accessory protein) (V-ATPase 40 kDa accessory protein) (V-ATPase AC39 subunit) (p39) (Vacuolar proton pump subunit d 1)	351		SUBCELLULAR LOCATION: Membrane {ECO:0000305|PubMed:21844891}; Peripheral membrane protein {ECO:0000305|PubMed:21844891}; Cytoplasmic side {ECO:0000305|PubMed:21844891}. Lysosome membrane {ECO:0000305|PubMed:22053050, ECO:0000305|PubMed:30374053}; Peripheral membrane protein {ECO:0000305}. Cytoplasmic vesicle, clathrin-coated vesicle membrane {ECO:0000250|UniProtKB:P61420}; Peripheral membrane protein {ECO:0000305}. Note=Localizes to centrosome and the base of the cilium. {ECO:0000250|UniProtKB:Q6PGV1}.
P78556	CCL20	C-C motif chemokine 20 (Beta-chemokine exodus-1) (CC chemokine LARC) (Liver and activation-regulated chemokine) (Macrophage inflammatory protein 3 alpha) (MIP-3-alpha) (Small-inducible cytokine A20) [Cleaved into: CCL20(1-67); CCL20(1-64); CCL20(2-70)]	96		SUBCELLULAR LOCATION: Secreted {ECO:0000269|PubMed:11035086}.
Q9UHF0	TAC3	Tachykinin-3 (ZNEUROK1) [Cleaved into: Neurokinin-B (NKB) (Neuromedin-K)]	121		SUBCELLULAR LOCATION: Secreted.
O95721	SNAP29	Synaptosomal-associated protein 29 (SNAP-29) (Soluble 29 kDa NSF attachment protein) (Vesicle-membrane fusion protein SNAP-29)	258		SUBCELLULAR LOCATION: Cytoplasm {ECO:0000269|PubMed:23217709}. Golgi apparatus membrane {ECO:0000250|UniProtKB:Q9Z2P6}; Peripheral membrane protein {ECO:0000305}. Cytoplasmic vesicle, autophagosome membrane {ECO:0000269|PubMed:25686604}; Peripheral membrane protein {ECO:0000305}. Cell projection, cilium membrane {ECO:0000269|PubMed:25686250}; Peripheral membrane protein {ECO:0000305}. Note=Appears to be mostly membrane-bound, probably via interaction with syntaxins, but a significant portion is cytoplasmic. Localizes to the ciliary pocket from where the cilium protrudes. {ECO:0000269|PubMed:23217709, ECO:0000269|PubMed:25686250}.
P01215	CGA	Glycoprotein hormones alpha chain (Anterior pituitary glycoprotein hormones common subunit alpha) (Choriogonadotropin alpha chain) (Chorionic gonadotrophin subunit alpha) (CG-alpha) (Follicle-stimulating hormone alpha chain) (FSH-alpha) (Follitropin alpha chain) (Luteinizing hormone alpha chain) (LSH-alpha) (Lutropin alpha chain) (Thyroid-stimulating hormone alpha chain) (TSH-alpha) (Thyrotropin alpha chain)	116		SUBCELLULAR LOCATION: Secreted {ECO:0000269|PubMed:24692546, ECO:0000269|PubMed:2494176}.
P01350	GAST	Gastrin [Cleaved into: Gastrin-71 (Gastrin component I); Gastrin-52 (G52); Big gastrin (Gastrin component II) (Gastrin-34) (G34); Gastrin (Gastrin component III) (Gastrin-17) (G17); Gastrin-14 (G14); Gastrin-6 (G6)]	101		SUBCELLULAR LOCATION: Secreted.
P08754	GNAI3	Guanine nucleotide-binding protein G(i) subunit alpha-3 (G(i) alpha-3)	354		SUBCELLULAR LOCATION: Cytoplasm {ECO:0000269|PubMed:17635935}. Cell membrane {ECO:0000269|PubMed:17635935, ECO:0000269|PubMed:27864364}; Lipid-anchor {ECO:0000305}. Cytoplasm, cytoskeleton, microtubule organizing center, centrosome {ECO:0000269|PubMed:17635935}. Note=Localizes in the centrosomes of interphase and mitotic cells. Detected at the cleavage furrow and/or the midbody. {ECO:0000269|PubMed:17635935}.
P21912	SDHB	Succinate dehydrogenase [ubiquinone] iron-sulfur subunit, mitochondrial (EC 1.3.5.1) (Iron-sulfur subunit of complex II) (Ip) (Malate dehydrogenase [quinone] iron-sulfur subunit) (EC 1.1.5.-)	280		SUBCELLULAR LOCATION: Mitochondrion inner membrane {ECO:0000269|PubMed:37098072}; Peripheral membrane protein {ECO:0000269|PubMed:37098072}; Matrix side {ECO:0000269|PubMed:37098072}.
P35318	ADM	Pro-adrenomedullin [Cleaved into: Adrenomedullin (AM); Proadrenomedullin N-20 terminal peptide (ProAM N-terminal 20 peptide) (PAMP) (ProAM-N20); Proadrenomedullin 9-20 terminal peptide (PAMP-12)]	185		SUBCELLULAR LOCATION: Secreted {ECO:0000269|PubMed:8387282}.
P61586	RHOA	Transforming protein RhoA (EC 3.6.5.2) (Rho cDNA clone 12) (h12)	193		SUBCELLULAR LOCATION: Cell membrane; Lipid-anchor; Cytoplasmic side. Cytoplasm, cytoskeleton. Cleavage furrow. Cytoplasm, cell cortex {ECO:0000269|PubMed:9635436}. Midbody. Cell projection, lamellipodium {ECO:0000250|UniProtKB:Q9QUI0}. Cell projection, dendrite {ECO:0000250|UniProtKB:Q9QUI0}. Nucleus {ECO:0000269|PubMed:12551911}. Cytoplasm {ECO:0000269|PubMed:23871831}. Note=Localized to cell-cell contacts in calcium-treated keratinocytes (By similarity). Translocates to the equatorial region before furrow formation in a ECT2-dependent manner. Localizes to the equatorial cell cortex (at the site of the presumptive furrow) in early anaphase in an activated form and in a myosin- and actin-independent manner. Colocalizes with KANK1 at the contractile ring. Colocalizes with DAAM1 and KANK1 around centrosomes. {ECO:0000250|UniProtKB:Q9QUI0}.
P62072	TIMM10	Mitochondrial import inner membrane translocase subunit Tim10	90		SUBCELLULAR LOCATION: Mitochondrion inner membrane {ECO:0000269|PubMed:11489896, ECO:0000269|PubMed:14726512}; Peripheral membrane protein {ECO:0000269|PubMed:11489896, ECO:0000269|PubMed:14726512}; Intermembrane side {ECO:0000269|PubMed:11489896, ECO:0000269|PubMed:14726512}.
Q14344	GNA13	Guanine nucleotide-binding protein subunit alpha-13 (G alpha-13) (G protein subunit alpha-13)	377		SUBCELLULAR LOCATION: Cell membrane {ECO:0000269|PubMed:10747909}; Peripheral membrane protein {ECO:0000269|PubMed:10747909}; Cytoplasmic side {ECO:0000269|PubMed:10747909}. Melanosome {ECO:0000269|PubMed:17081065}. Cytoplasm {ECO:0000269|PubMed:18703424}. Nucleus {ECO:0000269|PubMed:18703424}. Note=Associated to the plasma membrane via lipid-anchor (PubMed:10747909). Identified by mass spectrometry in melanosome fractions from stage I to stage IV (PubMed:17081065). Detected in the cytoplasm of Leydig cells and in the seminiferous epithelium, including differentiating cells from the spermatogonia to mature spermatozoa stages (PubMed:18703424). In round spermatids, also present in the nuclei (PubMed:18703424). {ECO:0000269|PubMed:10747909, ECO:0000269|PubMed:17081065, ECO:0000269|PubMed:18703424}.
Q9Y5K8	ATP6V1D	V-type proton ATPase subunit D (V-ATPase subunit D) (V-ATPase 28 kDa accessory protein) (Vacuolar proton pump subunit D)	247		SUBCELLULAR LOCATION: Membrane {ECO:0000305|PubMed:21844891}; Peripheral membrane protein {ECO:0000305|PubMed:21844891}; Cytoplasmic side {ECO:0000305|PubMed:21844891}. Cytoplasmic vesicle, clathrin-coated vesicle membrane {ECO:0000250|UniProtKB:P39942}; Peripheral membrane protein {ECO:0000305}. Lysosome membrane {ECO:0000305|PubMed:22053050}; Peripheral membrane protein {ECO:0000305}. Cytoplasm, cytoskeleton, microtubule organizing center, centrosome {ECO:0000269|PubMed:21844891}. Cell projection, cilium {ECO:0000269|PubMed:21844891}. Note=Localizes to centrosome and the base of the cilium. {ECO:0000269|PubMed:21844891}.
P07492	GRP	Gastrin-releasing peptide (GRP) [Cleaved into: Neuromedin-C (GRP-10) (GRP18-27)]	148		SUBCELLULAR LOCATION: Secreted {ECO:0000269|PubMed:3211139}. Cytoplasmic vesicle, secretory vesicle lumen {ECO:0000250|UniProtKB:Q863C3}. Cell projection, neuron projection {ECO:0000250|UniProtKB:Q8R1I2}. Note=In neurons of the retrotrapezoid nucleus/parafacial respiratory group, expressed on neuron projections which project into the pre-Botzinger complex. {ECO:0000250|UniProtKB:Q8R1I2}.
Q5JWF2	GNAS	Guanine nucleotide-binding protein G(s) subunit alpha isoforms XLas (EC 3.6.5.-) (Adenylate cyclase-stimulating G alpha protein) (Extra large alphas protein) (XLalphas)	1037		SUBCELLULAR LOCATION: Cell membrane {ECO:0000269|PubMed:27120771}; Peripheral membrane protein {ECO:0000250|UniProtKB:Q63803}. Apical cell membrane {ECO:0000269|PubMed:27120771}. Note=Associated to the plasma membrane via lipid-anchor. {ECO:0000269|PubMed:27120771}.
Q53H12	AGK	Acylglycerol kinase, mitochondrial (hAGK) (EC 2.7.1.107) (EC 2.7.1.138) (EC 2.7.1.94) (Multiple substrate lipid kinase) (HsMuLK) (MuLK) (Multi-substrate lipid kinase)	422		SUBCELLULAR LOCATION: Mitochondrion inner membrane {ECO:0000269|PubMed:15939762, ECO:0000269|PubMed:16269826, ECO:0000269|PubMed:28712724, ECO:0000269|PubMed:28712726}; Peripheral membrane protein {ECO:0000269|PubMed:28712724}. Mitochondrion intermembrane space {ECO:0000269|PubMed:28712724, ECO:0000269|PubMed:28712726}. Note=Localizes in the mitochondrion intermembrane space, where it associates with the inner membrane (PubMed:28712724). It is unclear whether the N-terminal hydrophobic region forms a transmembrane region or associates with the membrane without crossing it (PubMed:28712724, PubMed:28712726). {ECO:0000269|PubMed:28712724, ECO:0000269|PubMed:28712726}.
Q9H1J5	WNT8A	Protein Wnt-8a (Protein Wnt-8d)	351		SUBCELLULAR LOCATION: Secreted, extracellular space, extracellular matrix {ECO:0000305}. Secreted {ECO:0000269|PubMed:26902720}.
P36543	ATP6V1E1	V-type proton ATPase subunit E 1 (V-ATPase subunit E 1) (V-ATPase 31 kDa subunit) (p31) (Vacuolar proton pump subunit E 1)	226		SUBCELLULAR LOCATION: Apical cell membrane {ECO:0000269|PubMed:29993276}; Peripheral membrane protein {ECO:0000305}. Cytoplasmic vesicle, secretory vesicle, synaptic vesicle membrane {ECO:0000250|UniProtKB:Q6PCU2}; Peripheral membrane protein {ECO:0000305}. Cytoplasmic vesicle, clathrin-coated vesicle membrane {ECO:0000250|UniProtKB:Q6PCU2}; Peripheral membrane protein {ECO:0000305}. Lysosome membrane {ECO:0000305|PubMed:39695235}; Peripheral membrane protein {ECO:0000305}.
P04899	GNAI2	Guanine nucleotide-binding protein G(i) subunit alpha-2 (EC 3.6.5.-) (Adenylate cyclase-inhibiting G alpha protein)	355		SUBCELLULAR LOCATION: Cytoplasm {ECO:0000269|PubMed:17635935}. Cytoplasm, cytoskeleton, microtubule organizing center, centrosome {ECO:0000269|PubMed:17635935}. Cell membrane {ECO:0000269|PubMed:17635935}. Membrane {ECO:0000305}; Lipid-anchor {ECO:0000305}. Note=Localizes in the centrosomes of interphase and mitotic cells. Detected at the cleavage furrow and/or the midbody.
P01298	PPY	Pancreatic polypeptide prohormone (PH) (Pancreatic polypeptide Y) (Obinepitide) [Cleaved into: Pancreatic polypeptide (HPP) (PP); Pancreatic icosapeptide (PI)]	95		SUBCELLULAR LOCATION: Secreted {ECO:0000269|PubMed:7493937, ECO:0000269|PubMed:7592911, ECO:0000269|PubMed:828120}.
P38606	ATP6V1A	V-type proton ATPase catalytic subunit A (V-ATPase subunit A) (EC 7.1.2.2) (V-ATPase 69 kDa subunit) (Vacuolar ATPase isoform VA68) (Vacuolar proton pump subunit alpha)	617		SUBCELLULAR LOCATION: Cytoplasm {ECO:0000269|PubMed:29668857, ECO:0000269|PubMed:33208464}. Cytoplasm, cytosol {ECO:0000250|UniProtKB:P50516}. Cytoplasmic vesicle, secretory vesicle {ECO:0000269|PubMed:23035048}. Cytoplasmic vesicle, clathrin-coated vesicle membrane {ECO:0000250|UniProtKB:P31404}; Peripheral membrane protein {ECO:0000305}. Lysosome membrane {ECO:0000305|PubMed:22053050}; Peripheral membrane protein {ECO:0000305}. Note=Co-localizes with WFS1 in the secretory granules in neuroblastoma cell lines. {ECO:0000269|PubMed:23035048}.
P48061	CXCL12	Stromal cell-derived factor 1 (SDF-1) (hSDF-1) (C-X-C motif chemokine 12) (Intercrine reduced in hepatomas) (IRH) (hIRH) (Pre-B cell growth-stimulating factor) (PBSF) [Cleaved into: SDF-1-beta(3-72); SDF-1-alpha(3-67)]	93		SUBCELLULAR LOCATION: Secreted {ECO:0000269|PubMed:14525775, ECO:0000269|PubMed:8752281}.
Q9UII2	ATP5IF1	ATPase inhibitor, mitochondrial (ATP synthase F1 subunit epsilon) (Inhibitor of F(1)F(o)-ATPase) (IF(1)) (IF1)	106		SUBCELLULAR LOCATION: Mitochondrion {ECO:0000269|PubMed:12110673}.
Q9Y3B6	EMC9	ER membrane protein complex subunit 9 (Protein FAM158A)	208		SUBCELLULAR LOCATION: Endoplasmic reticulum membrane {ECO:0000305|PubMed:32459176}; Peripheral membrane protein {ECO:0000305|PubMed:32459176}; Cytoplasmic side {ECO:0000269|PubMed:22119785}.
Q96A98	PTH2	Tuberoinfundibular peptide of 39 residues (TIP39) (Parathyroid hormone 2)	100		SUBCELLULAR LOCATION: Secreted.
