uniprot,stratum,residues,homologs,below_floor,source,mean_identity_to_query,tree_length,gamma_alpha
O00230,free_peptide,105,103,False,pfam:PF03002:all,0.5766,9.937,1.86068
O43681,memb_complex,348,64,False,uniref50,0.8307,1.028,0.174558
O75348,memb_complex,118,150,False,pfam:PF03179:all,0.5182,23.663,1.15334
O75947,memb_complex,161,150,False,uniref50,0.7521,4.569,1.1
O75964,memb_complex,103,150,False,uniref50,0.65,6.771,0.458276
O95721,memb_complex,258,39,True,uniref50,0.7667,2.139,1.0
P01185,free_peptide,164,37,True,pfam:PF00184:sp,0.5341,5.937,0.9
P01189,free_peptide,267,150,False,pfam:PF00976:all,0.4938,12.065,1.0
P01215,free_peptide,116,150,False,pfam:PF00236:all,0.5868,10.678,0.679837
P01222,free_peptide,138,80,False,uniref50,0.747,2.207,0.468705
P01225,free_peptide,129,150,False,uniref50,0.6833,6.037,0.715765
P01275,free_peptide,180,150,False,uniref50,0.7121,2.102,0.453917
P01286,free_peptide,108,80,False,uniref50,0.7701,6.021,2.04757
P01298,free_peptide,95,66,False,uniref50,0.7858,2.628,1.18959
P01350,free_peptide,101,115,False,pfam:PF00918:all,0.7102,7.844,1.17394
P04899,memb_complex,355,150,False,uniref50,0.6631,1.896,0.381966
P05305,free_peptide,212,53,False,uniref50,0.7234,1.7,0.9
P06307,free_peptide,115,95,False,uniref50,0.811,5.13,1.17535
P06576,memb_complex,529,150,False,uniref50,0.7694,6.731,0.191215
P07492,free_peptide,148,150,False,pfam:PF02044:all,0.596,12.745,0.9
P08754,memb_complex,354,150,False,uniref50,0.8959,1.831,0.212461
P09471,memb_complex,354,150,False,uniref50,0.7902,3.206,0.489667
P09681,free_peptide,153,89,False,uniref50,0.6975,4.834,0.9
P10145,free_peptide,99,17,True,pfam:PF00048:sp,0.6551,2.928,1.42523
P18509,free_peptide,176,9,True,pfam:PF00123:sp,0.7017,1.654,1.0
P18859,memb_complex,108,150,False,uniref50,0.6027,7.328,1.0
P21281,memb_complex,511,94,False,uniref50,0.77,2.106,0.212461
P21283,memb_complex,382,150,False,uniref50,0.7959,2.814,0.792299
P21912,memb_complex,280,150,False,uniref50,0.7676,8.655,0.259675
P22466,free_peptide,123,150,False,pfam:PF01296:all,0.4823,13.155,1.58359
P24539,memb_complex,256,105,False,uniref50,0.8256,3.389,0.9
P25705,memb_complex,553,150,False,uniref50,0.8704,2.558,0.181625
P30049,memb_complex,168,110,False,uniref50,0.8156,2.771,0.556231
P31040,memb_complex,664,116,False,uniref50,0.9123,1.634,0.174774
P35318,free_peptide,185,42,True,uniref50,0.7476,2.78,1.0
P36542,memb_complex,298,150,False,uniref50,0.8554,2.235,0.308319
P36543,memb_complex,226,150,False,uniref50,0.7774,8.585,1.0
P38405,memb_complex,381,150,False,uniref50,0.7235,3.362,0.444743
P38606,memb_complex,617,117,False,uniref50,0.7266,2.196,0.294618
P48047,memb_complex,213,150,False,uniref50,0.6662,8.162,1.0
P48061,free_peptide,93,60,False,uniref50,0.7625,3.57,0.618034
P50148,memb_complex,359,147,False,pfam:PF00503:sp,0.4927,19.985,0.757123
P55089,free_peptide,124,93,False,uniref50,0.8184,5.05,0.775064
P56381,memb_complex,51,45,True,uniref50,0.8984,1.769,2.52786
P56385,memb_complex,69,150,False,uniref50,0.666,9.164,1.33823
P59768,memb_complex,71,22,True,pfam:PF00631:sp,0.5495,4.77,1.96685
P61421,memb_complex,351,59,False,uniref50,0.7234,1.89,0.618034
P61586,memb_complex,193,111,False,pfam:PF00071:sp,0.5078,17.314,0.72278
P62072,memb_complex,90,9,True,pfam:PF02953:sp,0.6346,2.076,1.71036
P62873,memb_complex,340,150,False,uniref50,0.845,2.952,0.343769
P63096,memb_complex,354,48,True,uniref50,0.8229,1.261,0.618034
Q13303,memb_complex,367,63,False,uniref50,0.6749,2.604,0.743366
Q14344,memb_complex,377,119,False,pfam:PF00503:sp,0.3902,14.611,0.747821
Q16864,memb_complex,119,15,True,pfam:PF01990:sp,0.5648,2.959,1.0
Q53H12,memb_complex,422,150,False,uniref50,0.718,5.424,1.0
Q5JWF2,memb_complex,1037,150,False,uniref50,0.7606,3.128,0.556231
Q96A98,free_peptide,100,111,False,pfam:PF14980:all,0.7742,6.723,1.17134
Q9H1J5,free_peptide,351,150,False,uniref50,0.6077,8.586,0.299314
Q9UHF0,free_peptide,121,36,True,uniref50,0.6624,3.755,1.78804
Q9UI12,memb_complex,483,150,False,uniref50,0.8571,2.81,0.309392
Q9UII2,memb_complex,106,150,False,pfam:PF04568:all,0.5186,15.451,1.17962
Q9Y3B6,memb_complex,208,39,True,uniref50,0.8058,1.955,1.20112
Q9Y5J7,memb_complex,89,5,True,pfam:PF02953:sp,0.6942,1.461,1.78804
Q9Y5K8,memb_complex,247,26,True,uniref50,0.8305,1.84,1.25453
