acc,cls,delta,below_floor
O00230,free_peptide,-0.011578154425612053,False
O43681,memb_complex,0.2220534759358288,False
O75348,memb_complex,0.15620993086109358,False
O75947,memb_complex,0.09820998278829607,False
O75964,memb_complex,0.38163579030350814,False
O95721,memb_complex,0.005981649069884298,True
P01185,free_peptide,0.14508095238095242,True
P01189,free_peptide,-0.06422508911899505,False
P01215,free_peptide,0.07670901391409557,False
P01222,free_peptide,0.1277054794520549,False
P01225,free_peptide,0.17166015624999997,False
P01275,free_peptide,0.09687564901349943,False
P01286,free_peptide,0.025574229691876837,False
P01298,free_peptide,-0.12984149184149185,False
P01350,free_peptide,-0.10218787635487758,False
P04899,memb_complex,0.27648244598765426,False
P05305,free_peptide,0.030636960087479403,False
P06307,free_peptide,-0.08227734976887524,False
P06576,memb_complex,0.18771578947368428,False
P07492,free_peptide,0.09509070714550161,False
P08754,memb_complex,0.27223704663212445,False
P09471,memb_complex,0.2180265195509099,False
P09681,free_peptide,-0.06934338184338185,False
P10145,free_peptide,0.28004612159329145,True
P18509,free_peptide,-0.17888421052631576,True
P18859,memb_complex,0.19593596059113305,False
P21281,memb_complex,0.2626006268430885,False
P21283,memb_complex,0.33957768306857816,False
P21912,memb_complex,0.23780148041533877,False
P22466,free_peptide,0.0781673414304993,False
P24539,memb_complex,0.08539630769230766,False
P25705,memb_complex,0.23823946632916737,False
P30049,memb_complex,0.07790447761194019,False
P31040,memb_complex,0.1963470760927044,False
P35318,free_peptide,-0.10766666666666669,True
P36542,memb_complex,0.16186994823358458,False
P36543,memb_complex,0.12419097720388961,False
P38405,memb_complex,0.24507310924369752,False
P38606,memb_complex,0.3115186267579628,False
P48047,memb_complex,0.26726495726495725,False
P48061,free_peptide,0.1781190476190475,False
P50148,memb_complex,0.2470784741316645,False
P55089,free_peptide,-0.06995169082125607,False
P56381,memb_complex,0.3450974025974025,True
P56385,memb_complex,0.20401909722222222,False
P59768,memb_complex,0.10875511875511878,True
P61421,memb_complex,0.24639607843137257,False
P61586,memb_complex,0.23925925925925928,False
P62072,memb_complex,0.13066836734693887,True
P62873,memb_complex,0.2965735969920624,False
P63096,memb_complex,0.23867794970986456,True
Q13303,memb_complex,0.31204928315412195,False
Q14344,memb_complex,0.25225205729092504,False
Q16864,memb_complex,0.35336206896551725,True
Q53H12,memb_complex,0.3363602509704793,False
Q5JWF2,memb_complex,-0.1494947372378017,False
Q96A98,free_peptide,-0.05501743679163029,False
Q9H1J5,free_peptide,0.16044871166846275,False
Q9UHF0,free_peptide,0.07142500000000007,True
Q9UI12,memb_complex,0.32997148091814155,False
Q9UII2,memb_complex,-0.017291356184798823,False
Q9Y3B6,memb_complex,0.1537862950058071,True
Q9Y5J7,memb_complex,0.11981452040275564,True
Q9Y5K8,memb_complex,0.2783095682302772,True
